,Dist Code,prec_grow_av,prec_harvest_av,et_grow_av,et_harvest_av,maxT_grow_av,maxT_harvest_av,minT_grow_av,minT_harvest_av,windspeed_grow_av,windspeed_harvest_av,KM5_clusterN_(maxT_growth_maxT_harvest)
0,1,239.60630769230767,2.7582692307692303,113.75353846153845,45.45788461538462,32.092307692307685,28.857115384615383,24.13576923076922,14.75423076923077,1.6582538461538465,0.6992884615384616,4
26,2,267.67400000000004,11.752500000000001,113.22369230769232,53.21,29.513384615384624,27.717499999999998,21.95123076923077,13.415576923076921,1.7553307692307691,0.8499615384615384,4
52,3,249.85438461538465,2.984230769230769,114.01030769230766,46.13153846153846,32.234923076923074,28.744423076923077,24.147461538461535,15.015576923076924,1.5968076923076922,0.6906538461538462,4
78,5,501.73746153846145,6.049615384615383,112.25807692307694,53.816538461538464,30.964999999999996,29.53288461538462,24.012076923076922,16.800192307692306,2.009953846153846,1.0323653846153849,7
104,6,247.98969230769228,2.6155769230769224,103.14423076923077,40.81134615384615,30.2373076923077,25.516346153846158,22.258615384615386,11.313461538461537,1.3209692307692305,0.6711923076923078,4
130,7,228.69299999999996,6.128846153846154,101.62023076923077,39.24961538461538,31.808538461538458,27.788269230769234,23.42792307692308,11.470384615384614,1.4702384615384614,0.6337499999999999,4
156,8,275.31807692307694,5.381153846153846,107.12692307692308,46.73538461538461,30.65338461538462,27.39365384615385,22.693307692307695,12.190384615384612,1.6523153846153846,0.7318653846153846,4
182,9,220.50769230769234,7.239230769230768,107.13753846153847,39.46384615384615,30.05723076923077,27.490576923076922,22.177461538461536,12.233653846153846,1.8622692307692306,0.8521538461538459,4
208,10,212.95661538461536,5.517115384615384,104.02246153846153,36.88134615384616,31.75884615384615,27.905000000000005,23.588461538461544,12.939807692307692,1.6501538461538463,0.7216153846153845,4
234,11,224.08746153846158,6.894230769230769,106.46100000000001,41.90423076923077,30.929,27.798846153846164,22.74384615384615,12.357307692307693,1.686461538461539,0.749346153846154,4
260,12,259.1469230769231,5.123846153846153,102.91515384615384,39.95192307692309,30.722923076923074,27.445769230769223,22.447076923076924,10.764615384615384,1.5163461538461542,0.6670192307692309,4
286,13,219.5459230769231,6.0536538461538445,105.0736153846154,32.670576923076915,32.143692307692305,27.052115384615384,23.724615384615383,13.37307692307692,1.5708692307692307,0.7251346153846152,4
312,14,212.1033076923077,5.071923076923077,103.59592307692307,33.37423076923077,32.49884615384616,27.729807692307688,23.98330769230769,12.424230769230768,1.4612384615384615,0.6265,4
338,15,174.48238461538463,5.336346153846154,103.98446153846156,25.127307692307696,33.79407692307693,27.604807692307684,24.59753846153846,11.346153846153847,1.3801615384615384,0.5910384615384616,4
364,16,192.01584615384616,5.305000000000001,104.13261538461536,30.77653846153847,33.64123076923077,27.57923076923077,24.563307692307692,11.142500000000002,1.3411846153846152,0.5595384615384614,4
390,17,196.7862307692308,4.9907692307692315,102.88161538461542,34.92076923076924,32.85946153846154,27.579615384615373,24.153,11.05019230769231,1.3144153846153845,0.5422884615384616,4
416,18,169.2576153846154,3.871346153846154,99.61446153846154,34.177884615384606,33.364000000000004,27.851923076923075,24.897615384615392,11.802500000000002,1.1412461538461538,0.48815384615384616,4
442,19,177.9331538461538,3.8567307692307695,99.41453846153847,33.85769230769231,32.65053846153846,27.389230769230764,24.339846153846153,11.67019230769231,1.1642615384615385,0.5170192307692308,4
468,20,180.4398461538462,4.575192307692307,101.02161538461536,35.96634615384615,32.88461538461537,27.793461538461546,24.322000000000006,11.155961538461542,1.207953846153846,0.5120192307692307,4
494,21,193.31469230769233,3.289807692307692,99.88892307692308,38.92076923076923,31.99438461538461,27.44673076923077,23.74523076923077,11.674038461538458,1.2369846153846151,0.5596538461538463,4
520,22,175.68184615384615,3.730384615384615,106.72561538461538,29.76076923076922,34.029923076923076,27.41192307692308,25.226153846153842,10.378846153846155,1.443184615384615,0.6325000000000001,4
546,23,166.84976923076923,5.536153846153846,103.06992307692306,31.61711538461538,33.479,27.775961538461537,24.23607692307692,10.776923076923076,1.4871615384615384,0.7137307692307693,4
572,24,178.34492307692307,7.163461538461539,101.0633846153846,22.46269230769231,32.94507692307693,28.861346153846153,23.668615384615386,11.651730769230769,1.648876923076923,0.8713269230769232,4
598,25,169.47223076923078,3.368076923076924,107.32907692307694,30.05576923076923,34.48869230769231,27.43326923076923,25.295384615384613,10.764038461538462,1.4323307692307692,0.5732115384615384,4
624,26,154.3755384615385,3.3246153846153845,101.52546153846151,26.97038461538462,34.27476923076923,27.434038461538464,25.664153846153848,10.708653846153847,1.4644384615384618,0.6704423076923077,4
650,27,156.86153846153843,3.405384615384615,104.05199999999999,27.627115384615387,34.49376923076923,27.26038461538462,25.85153846153846,10.884423076923078,1.416792307692308,0.6205192307692309,4
676,28,202.767,4.42375,106.9345,35.11375,31.00825,29.027500000000003,22.0135,12.497499999999999,2.3583250000000002,1.1944375,4
684,29,189.04958333333335,3.7533333333333334,102.8195,20.980833333333333,31.853916666666663,29.480208333333326,23.103083333333334,13.59875,2.1624999999999996,1.1055625,4
708,30,160.8548,5.712,99.6808,21.915,31.678800000000003,28.76,22.696800000000003,12.828999999999999,2.23724,1.2167999999999999,4
713,31,175.73375,3.454375,100.25175,17.609375,32.4665,28.656875,23.662750000000003,12.66625,2.196025,1.1306250000000002,4
721,32,198.59064,7.1788,106.21679999999998,36.108,32.02432,29.874399999999994,23.01495999999999,13.239,2.160512,1.1156000000000004,4
746,33,168.38280000000003,4.9486,105.66192000000001,30.790800000000004,32.12384,30.703199999999995,23.101439999999997,13.859599999999999,2.2673840000000003,1.1205800000000001,4
771,34,176.17669230769235,3.414615384615385,104.92699999999999,19.969038461538464,32.05915384615384,30.511346153846166,23.380999999999997,14.27673076923077,2.302869230769231,1.1175576923076922,4
797,35,162.2427692307692,7.994807692307693,108.6660769230769,28.498846153846152,32.75876923076923,31.48673076923078,23.369769230769222,13.995769230769229,2.1616692307692302,1.1534999999999997,4
823,36,204.54392307692308,7.7825,109.61307692307696,44.0475,32.49061538461538,31.072884615384623,23.39423076923077,13.864230769230765,2.1271923076923076,1.0938076923076925,4
849,37,218.59615384615384,8.555,104.69830769230771,40.64865384615383,31.886692307692314,29.033653846153847,23.16846153846154,13.382692307692308,2.0045076923076923,1.0232692307692308,4
875,38,233.72153846153844,6.770576923076923,104.58915384615383,34.36423076923077,31.875461538461533,27.985384615384614,23.59376923076923,13.73923076923077,1.8054076923076925,0.8455769230769232,4
901,39,198.4814615384616,7.166538461538461,102.95230769230768,27.479230769230767,32.42138461538462,27.88288461538461,23.671692307692304,12.891538461538461,1.7447538461538459,0.8415384615384615,4
927,40,208.5952307692308,8.928846153846154,105.49415384615386,45.47346153846154,30.152692307692313,28.25346153846154,22.117538461538462,12.76596153846154,2.032615384615385,0.9768269230769231,4
953,41,189.2607692307692,7.991346153846157,103.17246153846155,25.474615384615376,32.777153846153844,29.39250000000001,23.614615384615384,12.904615384615381,1.873530769230769,1.005653846153846,4
979,42,203.07266666666666,8.801041666666666,104.94333333333334,29.964375,32.080749999999995,29.131666666666664,23.049666666666667,12.872499999999997,2.0655166666666664,1.0824375,4
1003,43,246.0371538461539,6.308653846153845,104.23861538461536,44.160384615384615,31.474615384615387,28.596153846153847,23.336846153846157,13.462307692307693,1.8543230769230767,0.8870576923076923,4
1029,44,206.01761538461537,30.177692307692308,120.27553846153845,64.3351923076923,31.93853846153846,27.969999999999995,25.59346153846154,18.61461538461538,2.156038461538462,1.2798269230769228,4
1055,45,213.8720769230769,26.462307692307697,111.49484615384618,60.373269230769225,29.30438461538461,25.959230769230768,22.84946153846154,16.808461538461536,1.9025769230769225,1.0616153846153846,4
1081,46,215.0312307692307,27.90961538461538,120.1756153846154,64.43730769230768,31.327692307692306,27.612692307692303,24.24915384615385,19.14346153846154,2.0563307692307693,1.105576923076923,4
1107,47,212.3622307692308,22.779423076923074,124.28515384615388,62.75192307692306,32.46653846153845,28.907115384615388,25.116230769230768,19.938461538461542,1.9188615384615384,0.9649615384615384,4
1133,48,182.22030769230773,29.83326923076923,120.74569230769231,61.763461538461534,33.02646153846154,29.603461538461545,25.35338461538462,20.071538461538466,2.038746153846154,1.1260384615384615,4
1159,49,145.23607692307692,32.770192307692305,110.45015384615384,51.82634615384615,33.888461538461534,29.8525,25.473923076923082,19.43519230769231,1.8433538461538463,1.0117500000000004,4
1185,50,117.68399999999998,135.79192307692307,88.4486153846154,85.56673076923077,34.88492307692308,29.37230769230769,25.803692307692305,20.96076923076923,2.2364692307692304,1.271307692307692,12
1211,51,118.90938461538462,13.412884615384614,104.1849230769231,22.19211538461538,32.711,30.559038461538464,23.486384615384615,18.927307692307696,2.139053846153846,1.0545192307692306,4
1237,52,84.7876923076923,18.287307692307696,77.89792307692309,21.426153846153852,31.968461538461536,29.89576923076923,22.80223076923077,18.901346153846156,2.3320692307692306,1.2633653846153845,2
1263,53,103.6323076923077,45.38076923076923,91.4850769230769,47.42192307692308,33.755615384615375,29.33403846153846,24.527307692307694,19.458653846153847,2.0717615384615384,1.0779230769230765,2
1289,54,110.67699999999999,81.98153846153846,92.08930769230768,67.85384615384618,32.34015384615384,27.713076923076922,23.114692307692305,18.57249999999999,2.1658538461538464,1.264980769230769,12
1315,55,131.421,4.53625,107.6875,24.503749999999997,31.201500000000003,29.1725,22.719,15.618749999999999,2.31165,1.317875,4
1319,56,204.80123076923078,9.854999999999999,121.7190769230769,52.59692307692307,31.600923076923074,29.66673076923077,23.01607692307692,15.887115384615385,1.9486461538461541,0.9288461538461537,4
1345,57,180.26915384615384,9.499423076923076,115.57323076923079,49.83634615384615,30.95684615384615,28.834423076923084,22.439076923076925,16.18269230769231,1.9701461538461538,1.0283076923076921,4
1371,58,136.40707692307691,9.96923076923077,108.23715384615382,33.22865384615385,31.96846153846154,29.7476923076923,22.77984615384615,17.693269230769225,2.0715307692307694,1.1389038461538463,4
1397,59,141.60653846153846,14.466923076923079,110.44484615384614,39.926153846153845,33.29261538461538,30.359615384615385,24.550846153846155,17.803653846153846,1.8529846153846152,1.113826923076923,4
1423,60,178.81384615384619,12.308653846153847,120.9096153846154,51.9876923076923,32.36523076923076,29.510961538461537,24.30269230769231,16.709038461538462,1.8936923076923076,1.1141153846153844,4
1449,61,212.30553846153845,12.316153846153847,123.96423076923075,57.60173076923078,32.51746153846154,29.223461538461542,24.542846153846156,17.378846153846155,1.8281615384615386,1.053442307692308,4
1475,62,179.9106923076923,10.983461538461539,119.21584615384616,51.44596153846154,32.37915384615385,29.864423076923075,24.241615384615386,16.091538461538462,1.8059384615384615,0.8788076923076922,4
1501,63,209.63061538461545,8.383653846153846,121.2893076923077,52.018269230769235,32.21869230769231,29.82,23.919538461538462,15.244423076923077,1.8827000000000007,0.8832307692307693,4
1527,65,96.75523076923076,39.46634615384615,81.14946153846155,49.64903846153846,29.645307692307693,26.600576923076922,20.394307692307695,16.621346153846154,2.249015384615385,1.3255000000000001,2
1553,66,89.80000000000001,22.428076923076926,75.91784615384617,35.10423076923077,29.138384615384613,28.255384615384614,20.17484615384615,17.315576923076925,2.4782692307692313,1.3780384615384613,2
1579,67,136.66846153846157,33.877307692307696,88.57861538461538,60.30250000000001,27.590999999999994,27.420384615384613,19.781615384615385,17.86230769230769,2.1197769230769232,1.3982692307692306,4
1605,68,88.49407692307695,30.48692307692307,72.35730769230769,47.26596153846154,28.734384615384613,27.894230769230766,19.915923076923075,17.559038461538464,2.317592307692308,1.3692692307692305,2
1631,69,191.69530769230772,28.88403846153846,84.71053846153846,54.4778846153846,26.417692307692302,27.09096153846153,18.99315384615385,16.510384615384616,2.1676615384615383,1.3610384615384612,4
1657,70,512.2862307692308,23.587692307692308,100.71607692307693,64.71557692307694,26.822153846153846,28.583269230769233,20.086461538461542,16.541153846153843,2.2269692307692313,1.4167307692307693,7
1683,71,406.5302307692307,28.5523076923077,89.82123076923078,53.818269230769246,25.781384615384614,27.201153846153847,18.875230769230768,16.018076923076926,2.174,1.3223269230769228,7
1709,72,73.94761538461537,16.462115384615384,66.86800000000001,21.221153846153847,29.349230769230765,29.1825,20.76123076923077,17.970769230769232,2.4748692307692304,1.2752115384615383,2
1735,73,99.51861538461536,16.427692307692304,88.83123076923077,24.17269230769231,29.895923076923076,29.577115384615386,21.298230769230766,18.165000000000006,2.4305230769230763,1.1990192307692307,2
1761,74,144.94384615384618,20.689615384615383,99.89476923076924,41.00461538461539,28.113692307692308,29.264423076923073,20.384,17.059615384615384,2.3991384615384614,1.3192884615384615,4
1787,75,219.29630769230772,20.866346153846152,105.43153846153845,47.72846153846154,27.85207692307693,29.32557692307693,20.321076923076916,16.397307692307688,2.343946153846154,1.4324038461538464,4
1813,77,178.29676923076926,11.85865384615385,121.78961538461536,37.82903846153845,30.8036923076923,28.68134615384615,21.79215384615385,16.353076923076923,2.0489076923076923,1.1060961538461536,4
1839,78,116.25523076923075,12.234615384615381,101.83015384615382,23.138461538461538,31.929230769230767,30.17423076923077,22.757461538461538,18.78096153846154,2.2794076923076925,1.262403846153846,2
1865,79,152.64399999999998,10.709230769230768,116.0093076923077,29.53519230769231,31.7393076923077,30.140192307692306,22.252846153846153,17.18711538461538,2.0379538461538464,1.2069423076923078,4
1891,80,767.6629999999998,43.42576923076923,111.95299999999999,87.28173076923076,28.715153846153846,30.26653846153846,22.61315384615385,20.68,2.383038461538461,1.6420769230769234,7
1917,81,587.3489230769231,24.443653846153854,103.09692307692309,75.81192307692308,27.44953846153846,29.392884615384613,21.016384615384617,17.753653846153846,2.5596846153846156,1.7459230769230771,7
1943,82,528.4465384615385,38.683653846153845,100.15184615384615,76.21442307692307,24.441076923076928,25.597115384615385,18.42030769230769,16.656923076923075,2.0353153846153846,1.5078461538461536,7
1969,83,143.22453846153846,200.41153846153844,109.6549230769231,96.36288461538463,34.85876923076923,29.297307692307683,25.295307692307688,21.677307692307693,2.828607692307693,1.9519038461538463,12
1995,84,128.23669230769232,211.57423076923078,99.18053846153846,102.31500000000003,34.88592307692308,29.034038461538465,25.27907692307692,22.27423076923077,2.735346153846154,2.0849999999999995,12
2021,85,128.32884615384614,91.38307692307689,103.01769230769231,80.62307692307692,33.09453846153846,28.33692307692308,23.588923076923074,19.3375,2.154153846153846,1.4037500000000003,12
2047,86,115.83669230769235,82.89134615384614,90.23946153846153,84.89692307692306,32.68053846153846,29.151346153846152,22.78261538461539,19.852884615384617,2.303669230769231,1.637346153846154,12
2073,87,162.53861538461535,89.55576923076923,92.00215384615382,85.55942307692308,29.061461538461547,28.225384615384616,21.14792307692307,19.427884615384617,2.2365769230769232,1.502269230769231,12
2099,88,101.62415384615385,97.60153846153844,78.6946923076923,90.08365384615384,34.592307692307685,29.661153846153844,24.849230769230765,21.74269230769231,2.535369230769231,1.7954807692307688,12
2125,89,104.72146153846153,188.47692307692307,85.58846153846154,103.1546153846154,34.39946153846153,29.064423076923074,25.422307692307694,22.56288461538462,2.536884615384616,2.1000384615384613,12
2151,90,101.36584615384615,111.37923076923076,75.92953846153846,96.55653846153847,34.46284615384615,29.895576923076927,25.048000000000002,22.13134615384615,2.5110846153846156,1.7759038461538466,12
2177,91,75.09707692307691,165.46750000000003,61.931615384615384,106.79557692307694,34.896307692307694,29.9425,27.021692307692312,23.66653846153846,3.6366461538461534,2.3913846153846157,12
2203,92,91.64661538461536,168.23057692307688,63.95676923076922,101.3246153846154,33.11884615384616,29.438653846153855,25.449461538461534,22.43557692307692,2.851430769230769,1.7620769230769233,12
2229,93,253.25053846153847,70.69192307692309,95.32830769230769,76.8898076923077,22.869076923076925,22.748653846153843,15.452384615384618,13.194038461538462,1.8105307692307693,1.4995769230769231,4
2255,94,149.7566923076923,169.43057692307696,101.605,104.26115384615385,29.446230769230773,28.876923076923074,23.002923076923075,22.561730769230774,2.886415384615385,2.4284615384615384,12
2281,96,582.0267368421053,3.641842105263158,118.37926315789473,44.829473684210534,30.702526315789477,31.483684210526313,23.897368421052626,18.193157894736846,2.305863157894737,1.128,7
2300,98,729.3281052631579,12.567894736842105,106.8158947368421,71.33552631578948,28.72421052631579,30.468947368421055,23.37978947368421,19.639473684210525,2.8312526315789475,1.5725263157894738,7
2319,99,203.26284210526316,6.67815789473684,99.87894736842104,23.431578947368422,30.104,29.95394736842105,21.428105263157892,14.070263157894736,2.128557894736842,1.0732105263157894,4
2338,100,125.18978947368423,4.622894736842105,101.51115789473684,16.427105263157898,32.60631578947368,31.936052631578953,23.03894736842105,14.41236842105263,2.1729263157894736,1.1201052631578947,2
2357,101,143.47333333333333,6.331944444444445,110.34966666666665,28.939166666666665,32.80000000000001,31.590833333333332,23.092,14.597222222222221,2.2231666666666667,1.1740555555555559,2
2375,102,110.2837894736842,10.213421052631576,89.08726315789474,18.58789473684211,30.609894736842104,30.067894736842103,21.27778947368421,14.206052631578949,2.106621052631579,1.0404736842105264,2
2394,103,199.25200000000004,10.785,90.332,27.494473684210533,28.996947368421054,29.62657894736842,20.974631578947367,14.166842105263159,2.1095052631578946,1.027842105263158,4
2413,104,179.02705263157893,14.068947368421053,89.48168421052631,30.55026315789474,27.787894736842105,28.881315789473685,20.57357894736842,15.249210526315792,2.186242105263158,1.1955526315789478,4
2432,105,144.45789473684212,15.08763157894737,104.96494736842108,26.51421052631579,29.252,30.03263157894737,21.01305263157895,16.040789473684214,2.2725684210526316,1.3759210526315793,2
2451,106,125.38315789473683,11.536578947368422,105.3638947368421,20.747631578947374,31.715578947368428,31.17473684210526,21.78284210526316,16.00157894736842,2.1497894736842103,1.1903684210526315,2
2470,107,379.5910526315789,19.404473684210526,100.87178947368423,58.12105263157895,26.812947368421057,29.02657894736842,20.064421052631577,15.637105263157896,2.344315789473684,1.446184210526316,4
2489,109,164.7738947368421,8.377368421052632,117.24631578947367,32.34710526315791,32.219789473684216,30.559210526315795,22.406421052631572,14.625263157894734,2.0766105263157892,1.0197368421052633,4
2508,110,139.68168421052636,10.09578947368421,109.33673684210527,26.0671052631579,31.21926315789474,30.039473684210527,21.271052631578954,14.453947368421053,2.109421052631579,1.0178947368421054,2
2527,111,190.8153684210526,8.687631578947366,123.81557894736842,43.97710526315789,32.004210526315795,29.938421052631575,22.89347368421053,15.314736842105262,2.118136842105263,1.0566842105263157,4
2546,112,150.11263157894737,11.336578947368418,114.86631578947372,26.353421052631575,30.952421052631575,30.07894736842105,20.952526315789477,15.191315789473684,2.124694736842105,1.101,2
2565,113,134.3296923076923,8.162692307692309,106.11738461538461,27.286923076923078,31.323076923076925,29.753076923076925,22.557999999999996,15.088461538461537,2.4334769230769235,1.2179615384615383,2
2578,114,143.18977777777778,7.811666666666666,107.4351111111111,33.62444444444445,32.32888888888888,30.457222222222228,23.396888888888892,15.13722222222222,2.4938000000000002,1.2285555555555556,2
2587,115,176.6808421052632,6.480263157894736,109.13484210526315,36.35078947368421,31.370631578947364,29.273421052631587,22.7778947368421,14.586315789473684,2.227368421052631,1.0672105263157892,4
2606,116,196.6426315789474,5.466315789473685,121.678,36.58578947368421,32.181999999999995,29.62210526315789,23.341368421052636,15.310526315789472,2.1564421052631575,1.021157894736842,4
2625,117,199.02155555555558,6.363055555555555,118.35122222222223,40.381666666666675,32.224555555555554,29.24888888888889,23.513444444444442,14.933333333333334,2.1612111111111116,1.0115555555555558,4
2643,118,211.28810526315792,6.422105263157895,116.70642105263158,48.776315789473685,31.93463157894737,28.90526315789474,23.35915789473684,14.155263157894739,2.0326736842105264,0.970921052631579,4
2662,119,254.0222105263158,4.7231578947368416,115.57336842105262,50.40526315789473,31.923473684210524,28.7628947368421,23.823684210526316,14.149473684210525,1.8931157894736843,0.8817631578947366,4
2681,120,241.25178947368423,3.619473684210527,120.42431578947371,50.841842105263154,32.25536842105262,29.4571052631579,23.983684210526317,14.330263157894732,2.000494736842105,0.8965,4
2700,121,141.80541666666667,1.7766666666666666,99.7115,28.54125,34.42766666666668,32.068125,24.791833333333344,15.277708333333331,2.3285666666666667,1.0642916666666664,2
2724,122,98.40714285714284,1.5750000000000004,81.4117142857143,10.371428571428572,32.511714285714284,30.898571428571433,25.30114285714286,16.762142857142855,2.7002285714285716,1.3608571428571428,2
2731,123,107.572,2.8721428571428573,84.468,13.413571428571428,34.99,31.173571428571428,25.012285714285717,13.27357142857143,2.482742857142857,1.1450714285714285,2
2738,124,189.26433333333333,2.283125,111.68625000000002,42.776250000000005,33.29241666666667,33.099583333333335,24.826166666666666,15.678958333333334,2.5145083333333336,1.3680833333333335,4
2762,125,195.81308333333334,1.7806250000000003,108.58033333333333,44.39958333333332,33.363083333333336,32.62125,24.689333333333334,15.173125000000004,2.1923416666666666,1.1135416666666667,4
2786,126,110.115,1.2212500000000002,93.06383333333333,13.269166666666665,33.303666666666665,31.205416666666665,25.0925,17.017916666666665,2.8936333333333337,1.5150416666666666,2
2798,127,511.31775,6.060208333333333,116.91199999999998,55.23125000000001,31.089083333333335,31.55604166666667,24.026749999999996,17.131666666666668,2.5174666666666665,1.313,7
2822,128,334.94083333333333,7.659791666666667,112.21391666666666,43.20416666666667,30.241,30.65895833333333,21.937583333333333,14.406041666666667,2.03725,1.0061458333333333,4
2846,130,161.50818181818184,1.17,97.92599999999999,22.251818181818184,31.674181818181818,30.73318181818182,26.029272727272726,17.54272727272727,2.795454545454545,1.4625454545454546,2
2857,131,173.57150000000001,1.3777083333333333,102.92583333333336,39.189583333333324,33.72891666666667,31.989791666666665,24.631749999999997,15.013958333333333,2.081333333333333,0.9530624999999997,2
2881,133,138.46916666666667,1.4591666666666667,97.3098333333333,27.38333333333333,34.48941666666666,31.679583333333344,24.830416666666665,14.185833333333333,2.075441666666667,0.9272708333333334,2
2905,134,201.07741666666666,1.780625,107.14858333333336,42.41291666666667,33.05583333333333,31.880416666666665,24.330833333333334,14.871249999999996,2.0253916666666676,0.95775,4
2929,136,156.1966666666667,1.4887499999999998,99.51566666666666,34.919375,33.668,31.096041666666668,24.60408333333334,14.056041666666665,2.098566666666667,0.9643750000000001,2
2953,137,277.06566666666663,3.3589583333333324,118.15216666666664,47.29791666666667,32.32633333333333,32.673541666666665,24.527083333333326,16.27354166666667,2.5110916666666667,1.2719583333333333,4
2977,138,111.39057142857143,1.3485714285714283,89.69838095238094,15.432142857142859,34.81628571428571,31.964523809523815,24.746476190476194,14.853333333333333,2.182085714285714,0.9330714285714286,2
2998,139,86.74573913043477,2.3239130434782607,75.47382608695652,6.170869565217392,34.27947826086957,28.196086956521743,24.832608695652173,11.497391304347826,1.7861130434782608,0.8988695652173913,2
3021,140,119.75969230769232,4.277115384615384,92.34792307692307,19.908269230769232,34.44176923076923,26.330192307692315,24.967923076923075,10.415961538461538,1.5165076923076923,0.71775,2
3047,141,184.85315384615382,2.0817307692307696,103.46384615384615,26.854807692307695,32.953,30.903846153846153,24.157461538461543,14.396346153846155,2.1556769230769235,1.0250576923076922,11
3073,143,124.31846153846155,3.9007692307692308,93.63630769230768,20.256730769230767,34.69338461538461,26.723269230769233,25.71461538461538,10.84596153846154,1.4952615384615382,0.66825,2
3099,144,113.18338461538464,2.6376923076923076,88.662,13.056153846153846,33.74984615384616,28.503461538461544,24.710461538461548,12.197884615384615,1.8380538461538458,0.87875,2
3125,145,38.532333333333334,3.8377777777777786,36.55922222222222,3.695555555555557,38.0011111111111,27.841666666666665,26.193999999999996,10.717222222222222,1.7278444444444445,0.8497777777777776,2
3143,146,141.00646153846156,3.3946153846153844,98.18892307692309,15.23923076923077,34.4586923076923,28.458846153846146,25.321307692307695,12.43,1.7944692307692307,0.8327307692307694,2
3169,147,145.1743846153846,2.6790384615384615,97.82484615384615,23.477115384615388,32.979307692307685,28.849615384615387,24.05069230769231,12.53903846153846,1.905330769230769,0.9049038461538463,2
3195,149,149.537,1.4849999999999999,99.87753846153848,32.08692307692307,33.44707692307692,31.174999999999997,24.59199999999999,14.172499999999998,2.0592307692307696,1.0015961538461537,2
3221,150,34.07792307692308,3.3582692307692312,32.371461538461546,3.1938461538461542,37.746,26.78846153846154,25.97484615384615,9.428461538461537,1.6801000000000004,0.681576923076923,2
3247,151,108.95375,2.3762500000000006,90.23850000000002,13.748750000000001,34.1485,26.72625,24.07425,10.55875,1.74615,0.847,2
3255,154,176.58008,4.845199999999998,101.02928,16.717,33.37975999999999,29.387800000000002,24.098959999999998,12.626400000000004,1.8081680000000002,0.9094200000000001,11
3280,155,104.26399999999998,6.2700000000000005,88.58399999999999,12.185,34.938,26.16,24.356,8.92,1.3586,0.7085,2
3281,156,34.864,0.165,33.196,0.21,36.290000000000006,29.85,25.482,12.305,2.4068,0.849,2
3282,157,154.40892307692303,3.201923076923076,99.4836923076923,16.61,34.2123076923077,28.725384615384616,25.02515384615385,12.309423076923078,1.7623384615384614,0.8087500000000001,2
3308,159,89.3956,1.812,78.7592,6.5745000000000005,34.413599999999995,28.938499999999998,25.1162,12.652000000000001,2.1513800000000005,1.0284999999999997,2
3318,160,141.2516923076923,3.4953846153846158,98.13892307692309,12.935384615384615,34.81146153846154,27.772500000000004,25.050230769230765,10.94846153846154,1.7262538461538466,0.7875576923076925,2
3344,162,135.1001333333333,1.8313333333333337,95.15640000000002,15.971666666666668,33.39586666666667,29.43333333333333,24.482133333333334,13.476,2.2794133333333333,1.0414666666666665,2
3359,163,102.3114,1.495,80.8052,6.447,35.22420000000001,28.6005,25.380000000000003,11.854499999999998,1.71886,0.7791500000000001,2
3369,164,136.05407692307693,2.252307692307692,94.69400000000002,24.240384615384617,32.02838461538462,29.325576923076923,23.439153846153847,12.665384615384614,2.0426,0.9802884615384614,2
3395,165,216.7513076923077,21.41903846153846,107.68307692307695,29.386923076923075,33.171692307692304,22.881730769230778,23.421461538461543,9.173076923076922,1.1507307692307693,0.6576923076923078,11
3421,166,103.18576923076924,8.072307692307692,87.60153846153845,13.577307692307691,34.507461538461534,24.09346153846154,24.03092307692307,8.54673076923077,1.1500615384615385,0.6014230769230768,2
3447,167,116.7052307692308,7.9434615384615395,92.78646153846155,16.763076923076923,34.46515384615385,24.467500000000005,23.988999999999997,8.643269230769233,1.169576923076923,0.5629807692307692,2
3473,168,112.43253846153848,7.979230769230769,91.74846153846153,16.454615384615387,34.48507692307693,24.609615384615385,24.007538461538466,8.59596153846154,1.2017538461538462,0.5518653846153846,2
3499,169,159.56061538461537,12.564423076923077,103.98823076923075,25.86769230769231,33.439846153846155,23.723461538461546,23.62530769230769,8.999038461538463,1.2218846153846157,0.5725192307692308,11
3525,170,161.83569230769228,10.972115384615389,104.023,27.623269230769235,33.34484615384615,23.958269230769233,23.663076923076922,9.077307692307691,1.211023076923077,0.5426538461538462,11
3551,171,113.23530769230769,7.3292307692307705,92.53100000000002,15.376923076923077,34.35230769230769,24.962115384615387,23.82515384615385,8.56269230769231,1.1806615384615387,0.5146153846153845,2
3577,172,88.49161538461539,6.316923076923079,78.82984615384618,9.201153846153847,35.29784615384615,24.66480769230769,24.419461538461537,8.768846153846154,1.1585846153846153,0.5515576923076924,2
3603,173,77.67530769230768,5.353653846153847,70.74084615384615,7.2103846153846165,35.52884615384615,25.200576923076923,24.41446153846154,8.719423076923078,1.2486923076923078,0.5620192307692309,2
3629,174,69.62123076923075,4.43576923076923,64.88407692307692,5.576538461538461,35.57376923076922,25.81,24.313538461538464,8.486923076923079,1.3255153846153847,0.5609230769230769,2
3655,175,95.10869230769232,4.582307692307691,82.80984615384617,8.92173076923077,34.56869230769231,25.514807692307688,23.843923076923087,8.6975,1.184607692307692,0.5171346153846151,2
3681,176,116.62338461538462,6.153461538461538,92.29315384615384,15.665961538461536,34.063384615384614,24.945576923076924,23.807615384615385,8.922500000000001,1.1645230769230768,0.49698076923076917,2
3707,177,71.8576923076923,3.8692307692307684,66.80484615384616,5.05576923076923,35.611000000000004,26.43826923076923,24.666230769230772,8.912115384615383,1.3729153846153845,0.5744615384615386,2
3733,178,56.18769230769232,3.597115384615385,53.11815384615385,3.7536538461538465,36.16307692307692,26.600192307692307,24.688923076923068,8.636153846153848,1.436576923076923,0.5860192307692309,2
3759,179,78.1133043478261,3.5002173913043477,70.7888695652174,6.0497826086956525,35.601304347826094,26.70130434782609,25.121478260869566,9.454130434782611,1.4086695652173913,0.584413043478261,2
3782,180,108.50523076923074,4.517307692307692,87.18476923076923,18.018269230769228,34.7456923076923,25.994423076923077,25.490923076923078,10.443461538461538,1.3241153846153846,0.5862692307692309,2
3808,181,81.08623076923078,4.114423076923077,73.44584615384615,6.76326923076923,34.79523076923077,25.65211538461538,24.391230769230773,9.300961538461538,1.277584615384615,0.5481153846153846,2
3834,183,159.7255384615385,9.610576923076922,102.59138461538463,26.903076923076924,33.56069230769231,24.38692307692308,23.745384615384616,9.19346153846154,1.1827076923076925,0.526,11
3860,184,116.45000000000002,6.342884615384614,90.24076923076922,14.635769230769231,33.83599999999999,24.580384615384613,24.099692307692308,9.95692307692308,1.1793615384615384,0.4871538461538461,2
3886,185,123.51730769230772,6.939423076923077,93.6353846153846,15.948653846153851,33.71,24.568461538461538,23.77623076923077,9.413653846153846,1.1210615384615383,0.5060961538461539,2
3912,186,92.1006923076923,4.373269230769231,79.8866923076923,10.09673076923077,34.94746153846153,25.901538461538465,24.963615384615387,9.770384615384616,1.2949692307692307,0.5194423076923076,2
3938,187,104.66138461538463,5.01980769230769,85.14623076923075,12.291538461538465,34.46646153846154,25.444423076923076,24.921153846153842,10.100192307692307,1.2551538461538458,0.49886538461538465,2
3964,188,124.6879230769231,5.426153846153846,92.86484615384614,19.416346153846153,34.536538461538456,25.967500000000005,25.625230769230768,10.781730769230771,1.2704999999999997,0.5682307692307692,2
3990,189,195.50415384615388,10.489807692307693,103.28853846153847,30.203846153846158,32.720076923076924,24.111153846153847,23.759923076923073,9.839230769230769,1.1985769230769232,0.4700576923076924,11
4016,190,161.3899230769231,8.110192307692309,98.2056923076923,25.84653846153846,33.012846153846155,24.66307692307692,24.27507692307692,10.173269230769233,1.251176923076923,0.4768269230769229,11
4042,191,158.98315384615384,6.750769230769229,96.9693076923077,24.44365384615384,33.32453846153847,25.019423076923076,24.735076923076925,10.41980769230769,1.261776923076923,0.5242307692307692,11
4068,192,147.1913076923077,5.080961538461538,96.24192307692307,27.52730769230768,33.84184615384616,25.678269230769224,25.21476923076923,10.880384615384616,1.2228769230769232,0.5819615384615385,11
4094,193,146.8986923076923,6.097884615384616,95.96707692307692,19.71942307692308,34.09361538461538,25.457884615384618,25.341846153846163,10.573846153846155,1.2082384615384618,0.5046538461538461,11
4120,194,139.5292307692308,4.387500000000001,95.44230769230768,21.637115384615377,34.36538461538461,26.15403846153847,25.61576923076923,11.069615384615387,1.2640384615384614,0.63725,11
4146,195,120.66061538461537,4.42346153846154,91.49592307692306,13.958653846153844,34.58984615384616,26.4423076923077,25.749923076923075,10.984999999999998,1.3846846153846155,0.6423653846153847,2
4172,196,142.029,3.702884615384616,100.69415384615384,25.12461538461538,34.55269230769231,26.913846153846144,25.922846153846145,10.984615384615385,1.3907615384615384,0.6690576923076923,11
4198,197,143.08138461538462,3.0226923076923073,101.82530769230767,25.749807692307698,34.69923076923077,27.09807692307692,25.884000000000007,11.075,1.2849384615384616,0.6894038461538461,11
4224,198,135.566,3.229807692307692,98.77015384615386,23.509807692307692,34.5956923076923,26.733846153846155,25.88115384615385,11.143846153846157,1.2740230769230771,0.6552884615384618,11
4250,199,176.1652307692308,3.784038461538462,104.22223076923079,29.96153846153846,33.33823076923076,25.467499999999998,25.152538461538462,11.708846153846151,1.075123076923077,0.47175000000000006,11
4276,200,155.5280769230769,3.6323076923076933,101.13599999999998,29.720769230769235,33.87607692307692,26.100769230769227,25.488,11.429615384615381,1.1403076923076922,0.5238461538461539,11
4302,201,168.34176923076922,5.063461538461538,100.69261538461538,30.779423076923063,33.130923076923075,24.99961538461538,24.848,11.243461538461535,1.0711461538461537,0.5326923076923078,11
4328,202,180.0216153846154,3.4909615384615384,107.5780769230769,31.543461538461525,33.55592307692307,26.01846153846153,25.33484615384615,11.848846153846154,1.1372769230769233,0.5138461538461538,11
4354,203,210.47661538461534,5.026346153846153,111.65276923076922,32.68346153846154,32.966692307692306,25.100961538461544,24.87353846153847,12.064423076923077,1.0780384615384615,0.5013846153846153,11
4380,204,180.55853846153846,4.1315384615384625,103.86146153846151,31.235961538461538,33.06976923076923,25.03269230769231,24.86776923076923,11.555576923076925,1.0882153846153846,0.5092115384615384,11
4406,205,190.55792307692306,8.934423076923077,103.69761538461537,32.153269230769226,32.825384615384614,24.457884615384614,24.43915384615385,10.63153846153846,1.1847076923076927,0.5455576923076924,11
4432,206,148.73615384615383,2.7351923076923077,102.98338461538461,29.89230769230769,34.37130769230769,26.800576923076925,25.800538461538466,11.33230769230769,1.2633615384615384,0.6385961538461539,11
4458,207,151.402,3.285384615384615,102.32000000000001,23.14134615384615,34.60238461538461,27.152115384615385,25.88369230769231,11.138076923076921,1.297330769230769,0.6419807692307692,11
4484,209,152.28184615384612,3.4292307692307697,97.131,15.220961538461536,34.293076923076924,27.233076923076922,25.700999999999997,11.625961538461537,1.2247307692307692,0.6164038461538462,11
4510,210,149.89992307692307,3.120576923076923,98.6915384615385,23.514038461538462,34.27661538461539,28.07173076923077,25.76784615384616,12.316923076923079,1.1444384615384613,0.5778461538461541,11
4536,211,160.09992307692303,4.014807692307692,102.4352307692308,22.633076923076924,34.52053846153847,27.55346153846154,25.10369230769231,10.968653846153844,1.3946230769230765,0.5886346153846154,11
4562,212,201.06336,6.0564,105.65992,33.2046,33.16039999999999,27.107599999999998,24.2036,11.831600000000002,1.5054319999999999,0.6566399999999999,11
4587,213,157.54076923076926,3.4294230769230767,104.75323076923077,29.956923076923083,34.501384615384616,27.106346153846154,25.507538461538463,11.306730769230768,1.3758769230769232,0.6259230769230768,11
4613,215,149.7359230769231,3.1278846153846143,97.70653846153846,25.878269230769238,34.503461538461536,27.608653846153853,25.711384615384613,11.727884615384616,1.2377384615384617,0.5207115384615386,11
4639,216,169.95138461538457,2.8376923076923077,104.02646153846155,34.96826923076923,34.32769230769231,27.820000000000007,25.967076923076924,12.747115384615388,1.2056461538461538,0.6555,11
4665,217,163.0675384615384,2.931730769230769,100.19592307692308,34.90884615384615,33.99530769230769,28.049038461538462,25.652384615384616,12.762692307692307,1.1535,0.5712307692307691,11
4691,218,162.38738461538463,3.1234615384615387,102.32553846153846,27.37711538461539,34.16123076923076,27.704807692307693,25.81423076923077,12.249038461538463,1.1868461538461537,0.5929038461538462,11
4717,219,170.74653846153845,2.6569230769230767,107.54976923076923,34.11846153846154,33.978,27.6226923076923,25.866461538461536,12.691153846153847,1.2243923076923076,0.6048846153846154,11
4743,220,172.74661538461535,2.827115384615384,109.22607692307695,34.247307692307686,33.45800000000001,27.2525,25.679692307692314,12.903846153846157,1.2525615384615385,0.5507307692307694,11
4769,221,203.45584615384612,2.385192307692308,111.11523076923078,31.780961538461536,33.139999999999986,26.92634615384615,25.274,12.518076923076924,1.2152076923076924,0.4728653846153845,11
4795,222,195.55469230769228,2.564230769230769,112.03261538461541,32.88692307692308,33.198923076923066,27.08211538461539,25.374615384615385,12.609615384615383,1.2594769230769225,0.48907692307692296,11
4821,223,192.45876923076924,2.171730769230769,110.19930769230768,31.375769230769233,33.18415384615385,26.85596153846154,25.310692307692303,11.939615384615385,1.1815230769230771,0.49294230769230774,11
4847,224,179.77176923076925,3.0938461538461532,107.08884615384615,33.37038461538462,33.86069230769231,27.698461538461537,25.61353846153847,12.147499999999999,1.2148615384615387,0.5398076923076923,11
4873,225,159.99553846153847,3.009807692307692,107.30092307692306,28.459615384615386,33.70892307692308,26.79865384615385,25.497307692307693,11.656923076923078,1.2298923076923078,0.6561538461538461,11
4899,226,153.95369230769228,3.392692307692308,101.5536923076923,16.441923076923082,34.004076923076916,26.834038461538462,25.69723076923077,11.557500000000001,1.2512384615384613,0.699153846153846,11
4925,227,153.93307692307692,3.220384615384615,100.99076923076925,20.162884615384616,33.90753846153847,27.051730769230765,25.639615384615386,11.656346153846155,1.2185846153846154,0.6705576923076924,11
4951,228,169.19515384615386,2.395384615384615,110.25615384615384,29.034615384615392,33.376,26.0075,25.307076923076924,12.245769230769225,1.1694307692307695,0.6089999999999999,11
4977,229,158.67676923076925,2.705,105.45407692307691,25.81826923076923,33.82846153846154,26.528846153846153,25.55930769230769,11.735384615384618,1.2267615384615385,0.6505384615384615,11
5003,230,198.329,3.160769230769231,112.73146153846155,31.11173076923077,33.11223076923077,25.481153846153852,25.147230769230767,12.458461538461536,1.0769153846153843,0.5329038461538462,11
5029,231,173.402,2.5625,106.92961538461537,32.36557692307693,33.493307692307695,26.995576923076932,25.508923076923075,11.705961538461539,1.1704,0.601346153846154,11
5055,232,191.21276923076923,2.39,112.09330769230768,32.09576923076923,33.342923076923086,26.770576923076916,25.431384615384612,11.636730769230768,1.1701923076923075,0.5347499999999998,11
5081,233,190.61646153846152,2.7146153846153847,115.58776923076924,31.370192307692303,33.24684615384616,26.358461538461544,25.35300000000001,11.838076923076924,1.1481384615384616,0.5273653846153846,11
5107,234,164.6466923076923,2.8242307692307693,103.86246153846152,31.665192307692312,33.79276923076923,27.30499999999999,25.694,11.9075,1.1975615384615386,0.5989807692307693,11
5133,235,164.36184615384616,2.8438461538461537,100.84830769230771,23.19096153846154,33.22107692307692,28.594807692307707,24.594384615384612,12.666730769230774,1.611246153846154,0.8296346153846154,11
5159,236,166.96900000000005,2.545192307692308,109.48846153846154,30.691730769230766,33.42607692307693,26.793269230769234,25.38938461538462,11.764999999999999,1.1790076923076924,0.6085961538461538,11
5185,237,266.1138461538463,9.867115384615383,106.47100000000002,33.545576923076915,29.050307692307697,21.29326923076923,21.410999999999998,9.991923076923076,1.2567615384615385,0.7469230769230771,11
5211,238,236.81292307692314,12.543846153846156,100.7616153846154,30.621730769230773,26.339307692307695,18.511923076923075,19.04430769230769,8.733461538461539,1.375907692307692,0.9072307692307692,11
5237,239,163.12415384615386,17.88923076923077,75.76907692307694,13.148269230769229,16.89838461538461,6.17576923076923,8.278000000000002,-3.5026923076923073,2.139615384615385,1.5552692307692306,11
5263,240,156.67538461538464,22.74673076923077,68.03661538461539,12.674807692307693,14.464307692307692,3.776153846153846,6.276692307692307,-5.959038461538461,2.3332923076923078,1.55825,11
5289,241,147.28653846153844,22.235192307692305,73.00500000000001,14.546923076923076,14.26323076923077,3.384807692307693,6.621923076923077,-6.042115384615384,2.301361538461538,1.4992884615384614,11
5315,242,248.90053846153842,18.79846153846154,95.91761538461537,31.434615384615377,23.51146153846154,15.828269230769232,16.886538461538464,6.50596153846154,1.4689384615384615,0.8922115384615387,11
5341,243,253.84830769230769,14.927884615384617,103.23892307692307,34.03942307692307,27.26153846153846,19.781153846153845,20.15961538461538,9.111346153846153,1.3350769230769226,0.7871153846153847,11
5367,244,284.61915384615384,16.399615384615394,104.5363076923077,33.45153846153846,27.801076923076923,20.177307692307693,20.609615384615388,9.003461538461538,1.2909461538461537,0.6889230769230767,11
5393,501,272.5039230769231,2.666153846153845,112.69053846153847,46.969615384615395,31.37469230769231,28.411346153846157,23.52546153846154,13.778461538461539,1.7455153846153852,0.7277307692307692,0
5419,502,201.42892307692304,9.18673076923077,103.02392307692308,34.619807692307695,31.971384615384615,28.40634615384615,23.202076923076923,13.104423076923077,1.9235000000000004,0.9469807692307695,0
5445,503,210.25007692307693,26.104038461538472,119.47292307692307,62.08480769230769,31.648923076923083,27.804230769230774,25.16138461538461,18.214230769230767,1.8071230769230766,0.944730769230769,0
5471,504,121.47023076923077,53.920192307692304,97.3056923076923,56.39423076923076,33.966307692307694,29.518846153846155,25.22807692307693,19.588846153846156,1.9220769230769232,0.9616346153846153,0
5497,506,117.84438461538463,74.53134615384616,91.97946153846152,78.75923076923075,32.18592307692308,28.59730769230769,22.344692307692306,18.965384615384615,2.2980307692307695,1.589288461538461,0
5523,507,81.04899999999999,64.63884615384617,64.4626923076923,72.7401923076923,31.056923076923077,28.947115384615383,21.91230769230769,19.48480769230769,2.3697153846153847,1.5434615384615389,0
5549,508,111.54700000000001,135.47173076923073,87.29861538461539,100.29903846153849,34.64692307692307,29.48576923076924,25.765461538461548,22.64153846153846,2.8054615384615382,2.0084423076923077,0
5575,509,96.562,105.69269230769231,71.34653846153847,88.39711538461538,31.46846153846154,27.96865384615384,22.402846153846152,19.784230769230774,2.4991384615384615,1.8274038461538464,0
5601,510,81.10230769230769,131.24461538461537,64.33415384615384,98.1323076923077,35.30676923076923,30.300192307692306,26.488307692307686,22.885384615384616,2.895984615384616,1.7532307692307691,0
5627,512,112.53315384615381,129.08115384615385,86.0766923076923,100.16115384615387,34.89138461538461,29.712115384615387,26.089615384615392,22.838269230769228,2.7419923076923074,1.9234807692307696,0
5653,513,50.19084615384616,162.96634615384613,40.86738461538462,104.4573076923077,35.30484615384616,30.611923076923066,27.035384615384615,23.56326923076923,3.496015384615385,2.060826923076923,0
5679,514,133.33213333333333,7.972333333333334,109.63253333333334,21.743666666666673,31.35466666666667,29.67733333333333,21.993866666666666,14.816333333333334,2.3205600000000004,1.1178333333333335,0
5694,515,170.81221052631577,10.76263157894737,121.04357894736845,31.401842105263164,30.828105263157898,29.199210526315788,21.259684210526313,14.996578947368418,2.1497263157894735,1.063342105263158,0
5713,516,294.68305263157896,3.505263157894737,119.90263157894732,53.04973684210526,31.63210526315789,28.864473684210523,23.715684210526316,14.077894736842106,1.978147368421053,0.8712368421052631,5
5732,517,743.6908421052631,16.438157894736843,106.05494736842107,77.80815789473684,28.6858947368421,31.33078947368421,22.918526315789475,19.06421052631579,2.9639263157894735,1.8229473684210524,10
5751,518,151.60883333333337,1.4777083333333334,99.67883333333332,33.40687499999999,34.205083333333334,31.766874999999995,24.800583333333325,14.646666666666663,2.0347166666666667,0.8968958333333332,0
5775,519,146.04046153846156,3.080769230769232,99.60523076923074,27.01423076923077,34.390384615384626,27.18596153846154,25.750769230769226,10.823846153846157,1.4684846153846156,0.6829999999999999,0
5801,520,151.05843478260869,9.23413043478261,106.98139130434784,41.29478260869565,30.86878260869566,28.871086956521737,22.09895652173913,16.4854347826087,2.010626086956522,1.1085217391304347,0
5824,521,138.66815384615387,116.4769230769231,106.91146153846154,90.51307692307695,34.09315384615384,28.882499999999993,24.423230769230766,20.525576923076922,2.236869230769231,1.5031153846153853,0
5850,523,207.0633076923077,11.623269230769235,106.56876923076922,30.484807692307697,32.949769230769235,24.02173076923077,23.67369230769231,9.600576923076922,1.1832615384615384,0.4820384615384616,0
5876,524,90.60730769230771,4.520961538461538,79.83761538461538,8.463269230769232,34.30515384615384,25.140384615384612,24.022692307692303,9.247115384615386,1.1957384615384616,0.5179038461538461,0
5902,525,111.95015384615385,5.850576923076921,88.64615384615385,13.257115384615387,34.062230769230766,25.00692307692308,24.497923076923083,10.12173076923077,1.2135692307692312,0.4712115384615385,0
5928,526,94.86723809523812,3.997619047619047,80.38980952380952,13.326428571428572,35.03790476190476,26.25095238095238,25.4572380952381,10.198333333333332,1.3951238095238097,0.6115,0
5949,527,209.30838461538463,12.102692307692308,106.84707692307694,33.261538461538464,32.42584615384615,24.088461538461537,23.848230769230774,9.92173076923077,1.2073538461538462,0.527076923076923,0
5975,528,142.58715384615385,3.590192307692308,100.08130769230767,16.987692307692306,34.65169230769231,26.957692307692305,25.933461538461543,11.030384615384616,1.3331846153846159,0.6759423076923076,0
6001,529,177.742,3.0282692307692303,101.12276923076924,36.30942307692308,32.94553846153847,27.38480769230769,24.82484615384616,12.256153846153847,1.1692384615384617,0.5900192307692307,0
6027,530,192.22138461538458,2.960192307692308,110.57038461538461,34.75000000000001,33.68092307692307,27.536346153846146,25.621615384615385,12.428653846153846,1.2255153846153843,0.5419230769230767,0
6053,531,247.72753846153847,1.5498076923076924,114.89638461538463,32.22173076923076,32.74230769230769,26.61980769230769,24.86938461538461,12.4175,1.1051230769230767,0.4758269230769231,0
6079,532,225.21223076923076,1.2205769230769232,114.16638461538463,32.17038461538463,32.84484615384616,26.57173076923077,25.036923076923078,12.019038461538461,1.1669461538461539,0.4185576923076923,0
6105,533,146.23652631578946,4.132105263157896,98.05042105263158,19.161315789473687,34.649052631578954,27.88105263157895,25.17905263157895,11.015,1.2576947368421054,0.4780526315789474,0
6124,536,168.67072,4.5482,99.58536000000002,18.740399999999998,33.97672,29.001200000000004,24.567359999999997,11.6574,1.6754399999999998,0.7854599999999999,0
6149,537,137.9283333333333,3.3783333333333334,102.81599999999999,20.267500000000002,34.44766666666667,26.59833333333333,24.782,10.269166666666665,1.7477666666666665,0.8524166666666666,0
6155,538,106.10879999999999,2.4472000000000005,86.72480000000003,11.0666,32.16032,27.8602,23.44944,11.6456,1.8866,0.9274400000000002,0
6180,539,44.97313043478262,3.0921739130434784,42.68982608695653,2.9769565217391305,36.93530434782609,27.054782608695657,25.54869565217391,9.08804347826087,1.5409826086956517,0.6581956521739131,0
6203,542,107.90883333333333,320.9114583333333,87.42200000000001,107.22229166666665,34.39266666666666,28.88875,25.458416666666665,22.93041666666667,3.136308333333334,2.549270833333334,0
6227,543,135.8241818181818,152.0352272727273,103.37372727272727,97.38886363636367,34.69309090909091,29.134090909090915,25.00272727272727,21.58818181818182,2.4751454545454554,1.7717500000000002,0
6249,545,75.49541666666666,3.1210416666666667,69.66749999999999,5.007500000000001,35.33808333333332,26.053333333333338,24.241833333333336,8.556458333333332,1.3010833333333334,0.5362083333333333,0
6273,546,132.50308333333334,6.838958333333333,98.71633333333331,21.49354166666667,33.714499999999994,24.612291666666664,23.702583333333333,8.890625,1.1361333333333334,0.4861458333333332,0
6297,547,148.94699999999997,3.572307692307692,100.4353076923077,19.168076923076924,34.23238461538461,26.830769230769224,25.778076923076924,11.517307692307693,1.2874384615384615,0.6844230769230768,0
6323,548,144.09938461538462,3.7440384615384605,101.61823076923078,24.415,34.331538461538464,26.787884615384613,25.855538461538472,11.541346153846153,1.3016153846153844,0.7023846153846154,0
6349,549,116.36053846153845,32.48557692307692,90.30530769230768,53.959038461538476,28.657461538461536,26.804615384615378,19.29969230769231,16.179615384615385,2.321023076923077,1.379288461538462,0
6375,550,121.74746153846152,36.75038461538462,91.94276923076922,59.57884615384614,28.721615384615387,26.9926923076923,19.256923076923076,16.370961538461533,2.2434846153846153,1.3360576923076921,0
6401,601,331.1436,8.315,108.9464,45.0535,31.582,27.058999999999997,23.929799999999997,14.229,0.83064,0.5072500000000001,5
6411,602,214.78300000000004,5.5915,109.1652,37.529,31.862800000000004,27.197999999999997,24.619800000000005,14.730500000000001,0.7255199999999999,0.31644999999999995,6
6421,603,336.86839999999995,17.101999999999997,102.976,40.48649999999999,31.257799999999996,26.336000000000002,24.285600000000002,13.435500000000001,0.61956,0.3182,5
6431,604,360.0808,3.6345,109.12340000000002,38.104,31.182799999999997,26.535499999999995,25.0454,15.624,0.86866,0.43740000000000007,5
6441,605,282.1214,5.214,108.60420000000002,38.801,31.247999999999998,26.412,24.4604,14.994500000000006,0.83552,0.42155,6
6451,606,258.9176,8.752999999999998,105.66899999999998,40.1365,30.3616,25.2965,22.682,12.334999999999999,0.80974,0.4335,6
6461,607,405.34559999999993,15.978500000000002,106.40639999999999,40.296,31.926,26.917,24.4932,13.888499999999999,0.57992,0.29334999999999994,5
6471,608,276.69555555555553,8.944444444444443,103.50755555555554,42.14333333333334,29.207111111111114,24.377777777777776,21.565555555555555,11.76,0.8838,0.49388888888888893,6
6480,609,226.712,7.518000000000001,110.07959999999999,40.0445,32.2114,26.954499999999996,24.555799999999998,13.970499999999998,0.7077599999999998,0.3283,6
6490,610,323.2088,16.5465,104.80619999999999,41.25,31.603200000000005,26.192,24.601400000000005,13.616,0.6460600000000001,0.3722,5
6500,615,296.09740000000005,4.415000000000001,110.0386,38.78,31.526600000000002,26.755499999999994,24.893,15.475,0.8417999999999999,0.40314999999999995,6
6510,616,411.631,3.2109999999999994,109.47920000000002,39.7305,31.065800000000003,26.641,25.353199999999998,15.501,0.8766400000000001,0.51345,5
6520,617,261.01520000000005,10.958499999999999,108.6594,40.35600000000001,32.153800000000004,26.706000000000007,24.506,13.716,0.7124,0.42400000000000004,6
6530,618,312.7042,14.261500000000002,106.9626,40.095000000000006,31.812199999999997,26.569,24.4738,13.825999999999999,0.66204,0.3869,6
6540,619,393.567,9.4285,109.87660000000001,44.086,31.8376,27.439999999999998,24.4756,14.513499999999999,0.86298,0.38415,5
6550,620,458.91700000000003,3.4935,109.6292,40.35699999999999,31.1552,26.972,25.08180000000001,15.607500000000002,0.90022,0.5566000000000001,5
6560,621,254.0431111111111,4.715,110.62911111111113,39.30833333333334,31.78688888888889,26.851111111111113,24.832444444444445,15.313333333333333,0.8243999999999999,0.3838333333333333,6
6569,622,303.1958000000001,8.648499999999999,109.946,39.7895,32.0084,27.037,24.5002,14.1945,0.6493,0.30369999999999997,6
6579,626,220.72415384615383,5.773846153846154,107.42307692307693,41.5598076923077,31.486769230769237,26.478846153846156,23.37184615384615,12.952307692307691,1.3460076923076927,0.6367692307692306,6
6605,627,148.15330769230766,27.60711538461538,84.59546153846154,16.88923076923077,18.136153846153846,6.326346153846154,10.134307692307694,-2.4086538461538463,1.6913461538461536,1.1498076923076923,0
6631,628,163.34135999999998,6.536600000000001,101.25488,25.996599999999994,33.57904,26.034000000000002,24.72528,11.056400000000002,1.3018239999999996,0.58298,0
6656,629,241.85920000000002,23.965200000000003,103.52047999999999,27.471599999999995,26.662959999999998,16.756400000000003,18.442640000000004,5.7308,1.3547519999999997,0.80518,6
6681,630,69.74817391304349,14.454130434782611,62.32104347826088,2.936304347826087,11.39895652173913,-2.0458695652173913,2.4676521739130437,-12.511739130434782,2.573913043478261,1.7815869565217386,0
6704,631,94.50384615384617,22.376923076923074,79.16446153846155,15.830769230769233,15.964307692307692,4.710961538461539,8.286846153846154,-4.025961538461539,1.9069384615384615,1.1887499999999998,0
6730,633,208.7426153846154,17.17134615384615,106.25946153846154,31.475192307692307,28.558153846153854,20.613269230769227,20.961153846153852,9.244423076923077,1.2386538461538463,0.6767115384615383,6
6756,634,217.59338461538462,25.373269230769218,105.00461538461539,34.53942307692308,25.354923076923075,17.270769230769233,18.628923076923076,8.307307692307692,1.295623076923077,0.8660384615384614,6
6782,635,151.48446153846155,24.73730769230769,92.5036153846154,28.249230769230774,20.73584615384615,12.143269230769233,14.402,4.133461538461538,1.5527692307692307,1.0495384615384613,0
6808,636,249.03576923076923,16.965961538461542,104.41784615384618,32.572115384615394,27.260461538461534,19.567692307692308,20.154692307692304,8.790384615384614,1.3180153846153846,0.7109807692307691,6
6834,637,190.31528000000003,14.806199999999997,105.92216000000002,29.843600000000006,31.881119999999996,22.666999999999998,22.93352,9.239999999999998,1.2343359999999999,0.5958600000000001,6
6859,651,438.82216000000005,126.79220000000001,115.76872000000002,105.52819999999998,30.015839999999997,30.930600000000005,23.73264,23.5238,2.696136,2.4660800000000003,5
6884,652,747.26304,58.71860000000001,111.52288,94.32020000000003,28.64824,30.3202,22.611359999999994,21.548799999999993,2.6077200000000005,1.9967200000000003,10
6909,653,475.2017599999999,108.93180000000001,112.76335999999999,101.19139999999999,29.02584,30.150400000000005,22.452960000000004,21.914999999999996,2.2890159999999997,2.0805200000000004,5
6934,654,304.52007999999995,156.86000000000004,104.04896000000001,91.26720000000002,25.062800000000003,24.650800000000004,17.91792,16.9362,1.895144,1.6089600000000002,5
6959,655,446.077,125.02076923076925,114.86061538461539,102.62365384615386,29.448999999999995,30.313653846153848,22.903999999999993,22.58557692307692,2.308953846153846,2.123326923076923,5
6985,656,629.575,69.84384615384616,109.99984615384616,95.3025,28.47838461538462,30.035384615384622,22.290538461538464,21.285961538461542,2.438615384615385,2.034923076923077,10
7011,657,494.6363076923077,77.9580769230769,111.69207692307694,94.98673076923077,28.692692307692315,29.970769230769235,22.19953846153846,21.085384615384616,2.0917230769230772,1.8227500000000003,5
7037,658,388.0334615384615,86.20442307692305,111.84484615384619,92.81980769230768,28.210692307692316,28.94403846153846,21.291153846153847,20.04826923076923,1.8174846153846151,1.5658653846153843,5
7063,659,295.2719230769231,153.1459615384615,115.43361538461536,101.13884615384615,29.015846153846155,29.173461538461535,22.654692307692304,22.43923076923077,2.292861538461538,1.952480769230769,5
7089,660,499.6162307692308,94.18480769230769,111.62907692307694,99.42442307692309,28.920153846153838,30.393461538461533,22.558076923076918,21.798653846153847,2.275292307692308,2.0327307692307692,5
7115,661,224.60953846153845,158.90749999999997,114.1776923076923,102.6040384615385,28.981230769230766,29.005576923076923,22.92561538461538,22.820769230769233,2.6162999999999994,2.2331730769230766,6
7141,662,760.5246153846153,51.09634615384615,111.41753846153847,93.91730769230769,28.75869230769231,30.674038461538462,23.009307692307694,21.785961538461535,2.6767000000000007,2.0748653846153844,10
7167,663,312.03669230769225,155.61230769230764,111.94746153846154,97.71230769230769,27.83130769230769,27.80576923076923,21.093923076923076,20.58326923076923,2.0285076923076923,1.7452115384615385,5
7193,664,544.2652307692307,52.409807692307695,102.67253846153845,80.43769230769232,25.067384615384615,25.77269230769231,18.468999999999994,16.926153846153845,1.9022230769230777,1.5848653846153848,10
7219,701,274.83976923076926,17.64903846153846,114.362,56.746730769230766,31.76123076923077,28.192692307692305,25.55246153846154,16.324423076923075,1.7153153846153844,0.9290576923076924,6
7245,702,255.42153846153855,5.519615384615387,117.64761538461539,50.46846153846153,32.37423076923078,28.8576923076923,24.640076923076926,15.211730769230769,1.5680230769230763,0.732,6
7271,703,267.70307692307694,21.631346153846156,114.69530769230768,56.191923076923075,32.11792307692308,28.04673076923077,24.86138461538462,16.42865384615385,1.483923076923077,0.6513846153846152,6
7297,704,250.86961538461537,15.222115384615389,113.62946153846156,53.07134615384616,32.096692307692315,27.96884615384615,24.82246153846154,16.017115384615384,1.3576230769230766,0.5679615384615385,6
7323,705,240.124,25.044807692307685,118.08969230769232,61.40826923076922,31.431538461538473,27.819038461538465,24.983999999999998,16.837500000000002,1.7667384615384614,0.9519615384615386,6
7349,706,254.04369230769228,10.167884615384612,115.67400000000004,53.61115384615385,30.881076923076918,27.821923076923074,23.517538461538468,14.649807692307697,1.6185076923076922,0.80025,6
7375,707,259.58315384615383,10.039230769230768,108.24276923076923,48.46038461538462,30.792461538461545,26.985,23.621,14.243846153846151,1.2543230769230769,0.5436923076923077,6
7401,708,271.0192307692307,18.606153846153852,108.87784615384615,56.541923076923084,27.939769230769226,25.802692307692308,21.062230769230773,13.607884615384616,1.6553000000000002,0.856,6
7427,709,286.52361538461537,10.891730769230769,108.70584615384617,48.723461538461535,30.783307692307687,27.05942307692308,24.039076923076923,14.306923076923077,1.1933153846153846,0.5214999999999999,6
7453,710,259.41784615384614,13.070192307692308,108.60584615384616,53.43365384615385,28.932999999999996,25.636923076923082,21.88930769230769,13.286346153846154,1.459730769230769,0.7895961538461541,6
7479,711,247.23123076923082,32.064807692307696,116.38776923076924,64.3903846153846,31.69484615384616,28.215961538461535,25.618692307692307,18.03923076923077,2.1319307692307694,1.2764423076923077,6
7505,712,284.0213846153846,4.026730769230769,112.84469230769228,48.196923076923085,32.00061538461539,28.1623076923077,24.13976923076924,14.228846153846156,1.4182230769230766,0.6709999999999999,6
7531,713,259.92553846153857,3.4098076923076928,110.01907692307691,45.77019230769232,31.855692307692316,27.92865384615385,23.927538461538465,13.881153846153845,1.3626230769230772,0.662673076923077,6
7557,714,272.736,23.865476190476194,114.99285714285713,57.80500000000001,32.06838095238095,28.253333333333337,25.462952380952384,16.707857142857144,1.5910857142857142,0.8216190476190477,6
7578,716,264.444380952381,31.919285714285706,115.11904761904759,61.98952380952381,31.994285714285713,28.14190476190476,25.466666666666665,17.48333333333333,2.058961904761905,1.113952380952381,6
7599,717,271.03076190476196,22.010238095238094,113.38847619047617,54.631666666666675,32.13819047619048,28.248333333333328,25.182857142857145,16.553333333333335,1.336895238095238,0.48547619047619056,6
7620,718,267.9522857142857,29.01,115.75495238095239,60.50380952380952,32.01704761904762,28.103333333333335,25.517238095238092,17.119523809523812,1.8963904761904768,1.0190714285714284,6
7641,719,246.76200000000003,8.258571428571427,112.49409523809524,49.62285714285715,32.07895238095237,28.005000000000003,24.436095238095234,15.247619047619047,1.3269619047619048,0.5670476190476188,6
7662,720,276.788,25.76380952380952,111.60304761904763,60.30357142857143,29.15695238095238,25.88071428571429,22.693047619047622,15.20142857142857,1.5608761904761903,0.8614285714285714,6
7683,721,245.9893333333333,5.637857142857144,114.33619047619047,49.637380952380965,31.699904761904765,28.635952380952375,23.893904761904768,14.725952380952382,1.593904761904762,0.6786904761904761,6
7704,722,268.35961904761905,13.704761904761908,118.3414285714286,57.06714285714285,30.679047619047623,27.802142857142854,23.44514285714286,16.054047619047616,1.607714285714286,0.7370714285714285,6
7725,723,261.8244761904762,10.79,111.40761904761902,52.91666666666668,29.582857142857144,27.61142857142858,22.068285714285715,13.544285714285715,1.6782285714285712,0.7712142857142856,6
7746,724,240.93257142857146,16.833333333333336,112.67752380952383,57.07904761904762,29.74276190476191,26.675238095238093,22.847619047619048,14.79952380952381,1.5178095238095237,0.7270238095238095,6
7767,725,260.0210476190476,26.034999999999997,115.35342857142855,58.786428571428566,32.045047619047615,28.31071428571428,25.07257142857143,17.18571428571429,1.5972571428571432,0.7244761904761906,6
7788,726,241.9692380952381,18.099523809523806,113.97542857142857,54.80357142857143,31.604666666666667,27.68047619047619,24.549142857142858,16.055714285714288,1.3650952380952384,0.5983571428571428,6
7809,728,254.11723809523815,6.589047619047619,114.96619047619048,50.32285714285714,32.13304761904762,28.230238095238096,24.55447619047619,15.161190476190473,1.3903142857142856,0.6237380952380953,6
7830,729,255.94914285714285,3.9319047619047622,114.26676190476189,49.236666666666665,32.55609523809523,28.955714285714276,24.529333333333337,14.945714285714287,1.450961904761905,0.6535,6
7851,730,265.51714285714286,5.089761904761906,111.43161904761902,48.11261904761905,32.01866666666667,28.184999999999995,24.179333333333336,14.681190476190476,1.335647619047619,0.5851190476190476,6
7872,731,268.32733333333334,3.0602380952380948,112.42219047619048,46.82761904761905,32.67104761904763,29.12976190476191,24.53714285714286,14.802142857142858,1.370771428571428,0.6303095238095239,6
7893,732,265.3681904761904,4.232142857142858,116.5777142857143,50.63142857142857,32.861428571428576,29.080714285714286,25.028380952380953,15.334523809523809,1.4398190476190476,0.6624761904761904,6
7914,902,171.92982608695652,2.6597826086956524,110.08713043478262,32.63369565217393,32.50652173913044,26.942608695652165,25.21304347826088,12.80782608695652,1.3202434782608696,0.5571956521739131,3
7937,903,182.26260869565218,2.657391304347826,111.76252173913043,33.62326086956522,32.18904347826087,27.205869565217387,25.000956521739127,12.828043478260868,1.3387130434782606,0.5930869565217392,3
7960,904,199.88565217391303,3.1467391304347827,115.02747826086959,38.07369565217392,32.19252173913043,27.513913043478258,25.036086956521736,13.116739130434782,1.3146869565217392,0.6434130434782608,3
7983,905,249.57669565217387,3.927173913043478,116.33069565217394,39.77021739130435,32.125652173913046,27.930217391304353,25.060869565217395,13.098043478260866,1.3329999999999997,0.6389347826086955,3
8006,906,180.48078260869565,2.891521739130435,111.05339130434785,35.033913043478265,33.01426086956521,26.946739130434782,25.633304347826083,13.115869565217388,1.3079999999999998,0.5483043478260868,3
8029,907,166.89130434782606,2.347173913043478,110.09191304347826,34.54456521739131,33.24139130434782,26.99521739130435,25.896086956521735,13.461304347826085,1.297721739130435,0.6490217391304347,3
8052,908,183.47304347826085,2.5334782608695647,114.53339130434779,39.28565217391304,32.660521739130424,27.457608695652176,25.415130434782604,13.625217391304348,1.3189043478260871,0.7229999999999999,3
8075,909,201.72573913043473,3.286521739130434,116.52417391304353,40.49282608695652,32.644260869565215,27.769347826086964,25.54034782608696,13.426956521739132,1.3298434782608697,0.6578913043478262,3
8098,910,231.0068235294118,4.021764705882354,117.97764705882354,43.415882352941175,32.437529411764714,27.826176470588237,24.91082352941176,13.977058823529413,1.2205764705882354,0.6605294117647058,3
8115,912,167.79730434782607,2.003913043478261,107.40373913043479,35.837391304347825,33.421130434782604,27.291086956521735,25.378173913043476,13.388913043478256,1.2813826086956521,0.661891304347826,3
8138,913,199.13176470588238,2.043235294117647,107.70235294117646,39.30882352941177,31.384588235294117,25.957058823529408,23.542470588235293,12.464411764705881,1.2729529411764706,0.6959411764705881,3
8155,914,209.46200000000002,2.4250000000000003,113.90011764705883,40.522647058823516,32.50494117647059,27.328529411764713,24.904705882352943,14.434117647058821,1.237929411764706,0.6131764705882353,3
8172,915,180.6584705882353,1.6664705882352941,101.29458823529411,35.75411764705882,32.85505882352942,27.308823529411764,24.758588235294113,12.196764705882353,1.1672352941176474,0.5592352941176472,3
8189,916,226.4709411764706,2.9097058823529416,106.33529411764708,41.45764705882352,30.662705882352938,25.773235294117644,22.76717647058823,12.255,1.260764705882353,0.6772058823529411,3
8206,918,163.42434782608697,1.9336956521739128,110.27147826086957,34.67021739130435,33.28591304347826,27.128478260869567,25.800521739130435,13.482391304347823,1.316382608695652,0.7002173913043478,3
8229,919,166.962347826087,1.7886956521739135,111.08382608695652,36.70934782608696,32.976695652173916,27.149130434782602,25.270086956521737,13.332391304347828,1.3114434782608697,0.6975869565217391,3
8252,920,143.7864347826087,10.019782608695653,106.65182608695655,29.62978260869565,31.767478260869566,29.237608695652174,22.69,14.21130434782609,1.8016347826086958,0.9082826086956521,3
8275,921,167.15356521739133,2.498043478260869,107.90556521739133,34.64760869565217,33.57904347826087,27.021956521739124,25.96182608695652,13.248260869565218,1.2581478260869565,0.6514347826086957,3
8298,922,167.64078260869567,1.7378260869565214,104.01808695652174,35.120652173913044,33.545913043478265,27.34652173913043,25.628260869565224,13.00826086956522,1.1742347826086958,0.628891304347826,3
8321,923,185.0136521739131,2.502608695652174,111.28286956521738,34.16826086956521,33.16130434782608,27.132826086956523,25.512956521739124,12.806521739130435,1.2949217391304344,0.4878478260869565,3
8344,924,188.85765217391304,2.1278260869565218,112.20391304347824,32.91760869565218,33.01130434782608,27.096739130434777,25.30434782608696,12.671086956521739,1.2447913043478263,0.45808695652173903,3
8367,925,209.56860869565216,2.450869565217391,113.33208695652174,32.674782608695644,32.803652173913044,27.051956521739136,25.05052173913043,12.41934782608696,1.224417391304348,0.45521739130434785,3
8390,926,260.27313043478256,2.2197826086956525,114.41095652173912,32.88695652173912,32.80765217391304,26.857173913043475,24.821739130434782,12.561304347826088,1.1280521739130434,0.4535,3
8413,927,168.08930434782607,2.430217391304348,110.65634782608696,33.34347826086957,32.75139130434783,26.94456521739131,25.578608695652168,13.280869565217388,1.3272608695652175,0.5648260869565217,3
8436,928,212.33547826086954,2.8623913043478266,113.37208695652174,31.85521739130434,32.22765217391305,26.8804347826087,24.621130434782607,12.205217391304346,1.2570521739130438,0.5039347826086956,3
8459,929,198.4749565217391,3.159347826086956,113.158,33.45195652173913,32.00460869565218,27.179565217391303,24.533652173913044,12.325217391304344,1.2982869565217394,0.581391304347826,3
8482,930,177.7121739130435,2.013478260869565,112.44243478260871,34.18630434782609,32.47486956521739,27.19608695652175,25.33669565217392,13.197608695652177,1.3453217391304348,0.5878478260869565,3
8505,931,180.29478260869564,1.9345652173913048,113.95608695652173,36.5645652173913,32.84208695652174,27.479565217391304,25.627913043478266,13.451739130434785,1.339313043478261,0.6606739130434783,3
8528,932,234.24295652173916,3.8467391304347824,116.56,40.69195652173912,32.27339130434783,27.867173913043477,25.309043478260868,13.213913043478259,1.3193130434782607,0.6320434782608697,3
8551,933,202.61364705882355,1.7664705882352942,113.08952941176473,39.491176470588236,32.06870588235295,26.767941176470586,24.454823529411765,13.416176470588239,1.3083176470588236,0.696470588235294,3
8568,934,157.4230434782609,2.221304347826087,107.0224347826087,33.557391304347824,33.52086956521739,26.954130434782606,25.813217391304345,13.437826086956521,1.2988869565217391,0.6649130434782607,3
8591,935,212.58426086956527,3.69608695652174,115.63521739130435,39.564565217391305,32.09878260869566,27.698695652173907,24.96773913043478,13.093695652173915,1.3408173913043482,0.6494565217391305,3
8614,936,193.51295652173908,2.7113043478260868,115.18234782608695,38.90108695652174,32.608347826086955,27.518043478260868,25.449565217391307,13.54695652173913,1.3335304347826085,0.6629347826086956,3
8637,937,213.07317647058824,3.246176470588235,117.52435294117649,41.64176470588236,32.51623529411764,27.65852941176471,25.236235294117648,13.427058823529412,1.2916588235294117,0.6722058823529411,3
8654,938,223.78847058823527,3.233235294117647,116.02823529411765,42.497352941176466,32.09317647058824,27.504117647058827,25.069294117647054,13.524705882352942,1.2444470588235297,0.6508823529411766,3
8671,940,212.5834117647059,3.274117647058824,116.92176470588234,41.2764705882353,32.396235294117645,27.46441176470589,24.866470588235295,13.811470588235292,1.2776470588235294,0.6815588235294117,3
8688,941,216.61682352941176,3.0261764705882355,101.9024705882353,40.7464705882353,29.888823529411766,25.099117647058822,22.004588235294115,11.006176470588237,1.2113529411764705,0.6922941176470588,3
8705,942,231.61188235294117,2.6644117647058825,103.51258823529413,40.34735294117647,30.00670588235294,25.538529411764703,22.188941176470586,11.366470588235297,1.2200117647058824,0.6684705882352941,3
8722,943,238.37671428571426,4.2128571428571435,110.14457142857142,42.58857142857143,32.13357142857143,28.069285714285712,25.03714285714286,14.586428571428574,0.9578714285714287,0.30114285714285716,3
8736,944,247.3274285714286,3.329285714285714,105.50957142857145,42.347500000000004,31.11471428571428,27.149642857142855,23.678142857142856,13.39214285714286,1.0564000000000002,0.451,3
8750,945,314.4074736842105,3.370526315789474,117.56168421052632,39.098684210526315,31.948842105263157,27.96368421052632,24.906842105263163,13.084210526315788,1.3044947368421052,0.6612368421052631,13
8769,946,379.47852631578945,3.0613157894736838,116.34905263157896,39.71447368421053,31.998842105263154,27.893947368421053,24.954315789473686,13.440526315789475,1.2428105263157896,0.7037105263157895,13
8788,947,168.24157894736845,1.6776315789473688,107.62652631578946,34.49842105263158,33.76684210526316,27.459473684210526,26.046947368421055,13.093947368421052,1.1576947368421053,0.5923684210526315,3
8807,948,172.45715789473684,1.4384210526315786,103.45536842105264,35.63026315789473,33.52621052631579,27.574736842105267,25.560842105263152,12.677631578947366,1.1142421052631581,0.552657894736842,3
8826,949,194.97920000000002,3.38525,117.08469999999997,41.865500000000004,32.715199999999996,27.761749999999996,25.482400000000005,13.757250000000003,1.3100299999999998,0.6895999999999998,3
8846,950,192.8234736842105,2.2302631578947367,114.65863157894738,41.391052631578944,32.67578947368422,27.586052631578948,25.299157894736837,13.519210526315787,1.2907684210526316,0.7000263157894739,3
8865,951,246.68663157894738,3.246578947368421,116.81473684210526,38.50105263157894,31.851368421052626,27.711315789473677,24.715789473684207,12.861315789473684,1.2505894736842105,0.6874736842105262,3
8884,952,199.62053333333336,2.3460000000000005,105.62706666666666,39.405333333333346,31.830800000000004,26.298666666666673,23.89493333333333,12.199333333333334,1.21748,0.6207999999999999,3
8899,953,221.23542857142857,2.0885714285714285,109.96871428571428,40.824285714285715,32.16885714285714,27.05821428571428,24.499999999999996,14.00607142857143,1.1617142857142857,0.6069642857142857,3
8913,954,180.7862857142857,1.503928571428571,100.3742857142857,35.43535714285714,32.96971428571429,27.58857142857143,24.994,12.340714285714284,1.0666857142857145,0.4919285714285714,3
8927,955,187.7244285714286,1.4464285714285714,111.76371428571427,39.9282142857143,31.977714285714285,26.499642857142863,24.376714285714286,12.875,1.2413285714285716,0.6436785714285714,3
8941,956,183.02905263157896,1.6744736842105261,114.51442105263159,39.899736842105256,33.0,27.66447368421052,25.71694736842105,13.493421052631579,1.268357894736842,0.6910526315789474,3
8960,957,237.07476923076925,3.786538461538462,117.03969230769232,43.29230769230769,32.52384615384616,27.931538461538462,25.354,14.118461538461538,1.124923076923077,0.5866538461538461,3
8973,958,176.21547368421056,1.3026315789473686,114.07873684210524,38.712105263157895,33.28842105263158,27.636578947368424,25.91505263157895,13.586578947368423,1.2772000000000001,0.6720526315789472,3
8992,960,204.9973333333334,2.3905555555555558,112.7431111111111,32.690555555555555,32.41466666666666,27.111944444444443,24.98733333333333,12.554722222222223,1.2051444444444446,0.47758333333333336,3
9010,961,175.216,1.6609090909090911,106.04218181818183,34.76045454545454,33.70709090909091,26.984545454545458,25.944727272727278,13.25181818181818,1.1803090909090908,0.5783636363636364,3
9021,962,223.4436923076923,3.6511538461538464,115.8316923076923,40.92615384615385,32.658461538461545,27.828846153846158,25.1503076923077,14.365384615384615,1.1081846153846153,0.5417307692307693,3
9034,963,212.34815384615388,2.435,102.51092307692309,39.82846153846154,31.114769230769237,26.008076923076924,23.21076923076923,11.379615384615384,1.0956615384615385,0.5700769230769231,3
9047,964,232.4072307692308,3.2680769230769227,108.72507692307694,40.877692307692314,32.099230769230765,27.93423076923077,24.629846153846156,14.029230769230768,1.0301076923076922,0.39173076923076927,3
9060,965,256.8589230769231,2.4857692307692307,107.01246153846152,41.46423076923077,31.370923076923074,27.54730769230769,23.610461538461536,13.314230769230772,1.1609230769230772,0.5624230769230769,3
9073,1001,168.31357142857146,1.731785714285714,103.53328571428573,40.50642857142857,33.613285714285716,32.684285714285714,24.503285714285713,15.752857142857144,2.443685714285714,1.217142857142857,9
9087,1002,173.59742857142857,2.549285714285714,102.20014285714285,27.98678571428571,32.52242857142858,31.414999999999996,23.850142857142856,14.808571428571428,1.9140857142857146,0.8438928571428572,9
9101,1003,246.00214285714287,2.378571428571429,112.05042857142857,40.49607142857143,32.33342857142857,32.49607142857143,23.73914285714286,14.918214285714289,1.7558714285714285,0.8252142857142858,3
9115,1004,428.96828571428574,5.749642857142858,118.06085714285715,50.00857142857143,31.873571428571434,32.30535714285714,24.314000000000004,16.868214285714284,2.3350857142857144,1.1997142857142857,13
9129,1007,69.49473684210527,3.415263157894737,64.69736842105263,4.76157894736842,35.42536842105264,26.2828947368421,24.435263157894735,8.811842105263157,1.2735894736842106,0.518078947368421,9
9148,1008,95.85126315789472,4.205526315789474,80.88821052631577,12.858157894736841,35.00631578947369,26.054736842105267,25.46273684210527,10.286052631578947,1.2606000000000002,0.48692105263157903,9
9167,1009,196.394,11.322619047619046,108.39542857142858,30.490000000000002,32.02295238095238,23.08547619047619,23.097428571428573,9.196428571428571,1.1807619047619051,0.5282142857142857,9
9188,1010,119.9118888888889,16.534444444444446,98.24911111111112,29.48694444444445,29.53555555555556,29.78944444444444,21.417111111111108,17.670277777777773,2.213022222222222,1.2856666666666667,9
9206,1011,101.76244444444444,46.94555555555554,75.59333333333332,63.663333333333334,28.575888888888887,27.436111111111114,19.85166666666667,17.655277777777776,1.9949666666666666,1.3090000000000002,9
9224,1012,98.25899999999999,17.037499999999998,85.27788888888888,27.728055555555557,28.413888888888884,29.35666666666667,20.392666666666667,17.33611111111111,2.2047666666666665,1.0188888888888892,9
9242,1013,105.71355555555554,18.31861111111111,88.2181111111111,31.520833333333332,29.194222222222223,29.831666666666667,20.85222222222222,17.841388888888886,2.2619333333333334,1.109027777777778,9
9260,1014,136.80655555555555,18.158611111111114,97.58877777777776,44.706944444444446,28.13555555555556,29.69722222222222,20.48677777777778,17.419999999999998,2.1932777777777783,1.0145000000000002,9
9278,1015,112.33444444444444,17.43861111111111,95.026,28.877499999999998,29.83311111111111,29.713611111111113,21.250222222222217,18.110277777777778,2.198411111111111,1.0751944444444446,9
9296,1016,996.5633333333333,38.26027777777777,107.92111111111112,87.45388888888891,28.669111111111118,30.9575,22.77911111111111,20.390833333333333,2.653522222222222,1.879138888888889,8
9314,1017,138.93980952380952,8.53952380952381,101.4730476190476,22.598333333333336,33.7275238095238,24.314761904761905,23.84866666666667,8.927857142857144,1.1479428571428574,0.4763095238095237,9
9335,1018,67.4,4.309047619047619,62.535333333333334,5.418333333333333,35.81866666666667,25.61142857142857,24.60657142857143,8.664761904761903,1.3297999999999999,0.5565,9
9356,1019,90.94361904761905,5.3535714285714295,79.96,9.290238095238095,35.01266666666667,25.014999999999997,24.23609523809524,8.62238095238095,1.180552380952381,0.5204761904761905,9
9377,1020,130.9474117647059,2.9064705882352944,95.04388235294118,16.358235294117645,34.50458823529412,27.74058823529412,25.422,11.235588235294117,1.4915411764705884,0.7004117647058825,9
9394,1022,89.6266,81.91499999999999,70.998,82.9635,34.9951,30.58299999999999,25.392600000000005,22.067250000000005,2.71752,1.7053,9
9414,1023,104.61800000000001,79.28100000000002,82.41649999999997,84.17175,33.324400000000004,30.008500000000005,23.584299999999995,20.8945,2.4198600000000003,1.5879249999999998,9
9434,1024,117.8244,131.95374999999999,91.3164,99.73674999999997,35.36309999999999,29.50525,25.591,21.974250000000005,2.5301199999999997,1.6357499999999998,9
9454,1025,114.31889999999999,126.30175,80.78179999999998,91.935,30.08020000000001,27.857,21.892300000000002,19.921750000000003,2.0751800000000005,1.537225,9
9474,1026,108.02250000000001,270.41200000000003,89.29960000000001,106.7645,34.4227,28.843000000000007,25.686099999999993,22.7185,2.6550100000000003,2.0942750000000006,9
9494,1027,141.7401,183.97175000000001,108.90060000000001,92.12075000000002,34.86719999999999,29.373250000000002,25.408199999999997,21.255,2.4241099999999998,1.52675,9
9514,1028,171.37875,1.329375,102.27287499999998,28.247500000000002,33.569,27.536250000000003,25.601,12.1384375,1.0867625,0.47078125000000004,9
9530,1029,236.18390000000005,2.095999999999999,113.7008,32.676,32.89240000000001,27.065000000000005,25.169999999999995,12.828,1.1017199999999998,0.39722500000000005,9
9550,1030,212.9833,5.04125,110.54729999999999,32.76225,32.77140000000001,24.601500000000005,24.708599999999997,12.01125,1.0547000000000002,0.5425,9
9570,1031,133.62962499999998,2.0437499999999997,99.300375,26.227500000000003,34.499874999999996,27.131875,26.17825000000001,11.7334375,1.2168500000000002,0.6549062499999999,9
9586,1032,210.37099999999998,11.505833333333335,87.70266666666664,19.974166666666665,22.453111111111113,14.061666666666667,14.786666666666669,4.885000000000001,1.537888888888889,1.0171666666666668,9
9604,1033,129.30952941176471,4.8211764705882345,91.66988235294119,14.971470588235293,33.74470588235294,25.23941176470588,24.953176470588236,10.520588235294115,1.1729411764705886,0.4246764705882353,9
9621,1034,211.18568421052632,2.4471052631578947,104.12547368421052,36.84447368421053,31.50421052631579,25.96736842105263,23.71263157894737,11.262894736842105,1.0894000000000001,0.5507105263157897,9
9640,1035,226.6058888888889,7.475555555555555,101.34822222222223,32.94361111111111,28.187333333333335,20.489722222222227,20.43311111111111,9.633333333333333,1.1745333333333337,0.7807777777777776,9
9658,1036,170.96705263157892,2.5913157894736845,102.05115789473685,35.43394736842105,33.95115789473684,27.710526315789473,25.814210526315794,12.751842105263158,1.0813368421052632,0.5623947368421054,9
9677,1037,150.5157894736842,3.1244736842105256,95.43821052631579,25.966578947368426,34.26242105263158,28.169210526315798,25.5518947368421,12.015526315789472,1.0820105263157895,0.4263157894736842,9
9696,1038,132.28715789473682,5.461842105263158,94.12947368421052,19.49210526315789,34.26736842105262,25.827105263157897,25.644315789473687,11.007894736842104,1.1941894736842105,0.5216052631578946,9
9715,1039,130.95463157894739,3.759210526315789,97.17052631578946,18.23,34.5218947368421,26.48947368421053,25.97,11.34736842105263,1.2527578947368418,0.6269736842105263,9
9734,1040,149.1504210526316,5.068421052631579,95.01547368421052,28.559210526315795,33.395684210526326,25.203157894736844,25.135157894736842,11.091842105263156,1.030957894736842,0.47531578947368436,9
9753,1041,139.7677894736842,2.8489473684210527,101.72073684210527,25.96315789473684,34.46273684210526,27.01,26.090736842105265,11.665789473684208,1.2285263157894737,0.6737894736842105,9
9772,1042,144.35566666666668,1.9611111111111112,93.24499999999999,13.693611111111114,34.45511111111111,28.11027777777778,25.791333333333327,12.08777777777778,1.073888888888889,0.517611111111111,9
9790,1043,179.34966666666662,16.151944444444442,86.92566666666666,24.594722222222217,20.223888888888887,11.913333333333334,13.144,2.844722222222222,1.6104444444444443,1.0283055555555556,9
9808,1044,156.73326315789475,2.7202631578947374,97.57389473684209,26.376842105263158,34.421473684210525,28.134999999999998,26.07,12.72421052631579,1.0755368421052633,0.5718684210526316,9
9827,1045,202.18273684210524,1.9305263157894732,108.41536842105262,30.52552631578948,33.15947368421053,27.090000000000003,25.402736842105263,12.512105263157896,1.1109157894736843,0.3994736842105263,9
9846,1046,204.2495555555556,1.5130555555555554,112.4901111111111,30.324722222222224,33.145777777777774,26.70222222222222,25.37677777777778,11.96861111111111,1.0365888888888892,0.48711111111111105,9
9864,1047,418.33720000000005,4.087000000000001,109.4348,39.90100000000001,31.290399999999995,26.7155,24.9588,15.5255,0.8571199999999999,0.485,13
9874,1048,379.0724000000001,16.9905,103.6866,39.975500000000004,31.468,26.569499999999998,24.1816,13.436499999999999,0.5882400000000001,0.27215,13
9884,1049,348.1052,9.264999999999999,109.8308,44.957499999999996,31.773200000000003,27.356499999999993,24.2798,14.575999999999999,0.8585,0.40570000000000006,13
9894,1050,214.91199999999995,5.3500000000000005,109.83719999999998,37.2585,32.0474,27.136000000000003,24.7656,14.5905,0.70834,0.29005,9
9904,1051,346.4002,15.88,101.61560000000001,40.563,31.1284,25.8545,23.8922,13.124,0.6494599999999999,0.37515,13
9914,1055,259.661,9.110833333333336,114.61555555555555,53.6025,30.011000000000006,27.771388888888893,22.445222222222224,14.036388888888892,1.7505444444444447,0.8022499999999999,9
9932,1056,247.06066666666663,3.4549999999999996,112.48111111111112,48.56194444444445,31.033333333333335,28.29694444444444,23.28911111111111,13.946111111111112,1.623388888888889,0.6281666666666665,9
9950,1057,233.2964705882353,2.020588235294117,99.524,38.92617647058824,29.67623529411765,26.253529411764706,21.59141176470588,10.401764705882353,1.3202352941176472,0.5613529411764705,9
9967,1058,237.27917647058825,6.204411764705882,107.17999999999999,46.5035294117647,31.97258823529412,30.185,23.19847058823529,13.721764705882352,1.8509176470588236,0.9508529411764706,9
9984,1059,244.27711111111114,2.0966666666666662,112.18555555555555,45.91777777777778,33.01122222222222,28.952500000000004,24.771777777777782,15.173888888888886,1.3402444444444446,0.5670000000000001,9
10002,1060,143.16388235294116,6.636470588235294,104.47329411764706,22.84705882352941,32.741294117647065,31.91029411764706,23.34658823529412,14.382058823529412,1.896035294117647,0.9848823529411764,9
10019,1061,199.88352941176475,2.506470588235294,99.51588235294119,36.129705882352944,32.270941176470586,27.933823529411764,23.635411764705886,11.05647058823529,1.2047058823529415,0.46652941176470586,9
10036,1062,174.756,3.829285714285714,102.19857142857141,25.595,32.796285714285716,28.858571428571427,23.684571428571427,12.884285714285713,1.6862285714285716,0.7837857142857143,9
10043,1063,151.73635294117648,3.1147058823529408,98.65670588235295,21.503529411764703,34.28223529411765,28.602058823529415,24.68011764705883,10.919117647058826,1.4769764705882356,0.7084411764705884,9
10060,1064,194.72023529411766,2.22,98.09752941176473,37.86,31.926470588235293,27.665588235294123,23.428470588235296,10.89764705882353,1.1577764705882354,0.48014705882352937,9
10077,1065,206.23099999999997,2.2027777777777775,99.69766666666665,38.06888888888889,30.918333333333333,26.28888888888889,22.881666666666664,11.460555555555556,1.1074555555555556,0.5120555555555555,9
10095,1066,246.68233333333333,2.046388888888889,104.79211111111108,41.29944444444445,30.32422222222222,26.29694444444445,22.49888888888889,11.923055555555557,1.2052222222222222,0.612361111111111,9
10113,1067,240.8056666666667,1.4436111111111112,106.96577777777776,42.37305555555556,31.865666666666666,27.476666666666663,23.74666666666667,13.581944444444446,1.2497888888888888,0.5376666666666665,9
10131,1068,215.21633333333335,2.2841666666666662,106.59077777777776,43.96861111111111,31.35977777777778,28.168055555555558,23.258666666666663,13.246944444444447,1.4211444444444443,0.5686944444444445,9
10149,1069,258.0331111111111,2.836388888888889,114.70277777777778,47.14111111111111,32.31744444444444,28.77722222222222,24.29744444444444,14.948333333333332,1.4635222222222224,0.601,9
10167,1070,292.8042222222222,3.4911111111111115,114.16711111111113,49.552777777777784,30.63411111111111,28.26611111111111,23.008555555555557,13.415000000000001,1.7370666666666668,0.6561388888888889,13
10185,1071,213.65923076923076,1.8357692307692306,99.64892307692307,37.548846153846156,30.468,26.337307692307693,22.546307692307696,11.676153846153849,1.1794461538461538,0.5056923076923078,9
10198,1072,285.6416,1.3025,117.4164,47.2515,31.469400000000007,28.561,23.525000000000002,13.91,1.8198600000000003,0.68565,13
10208,1073,178.48319999999998,3.9265,117.6872,26.6305,31.6916,30.265499999999996,22.3246,14.821999999999997,1.8684799999999995,0.9231,9
10218,1074,166.45436363636364,1.6827272727272728,107.72636363636362,24.73863636363637,32.13636363636364,31.961363636363636,23.13381818181818,14.409999999999998,1.9134727272727274,0.9604545454545454,9
10229,1075,163.281,2.5405,112.7642,21.457500000000003,31.350200000000008,29.947000000000003,22.3752,15.156500000000003,1.948,0.92095,9
10239,1077,119.74549999999996,190.268125,96.14175,105.90875,35.41325,29.381875000000004,25.886250000000004,22.57875,2.442275,1.5378125,9
10247,1080,114.25846153846155,58.538846153846144,90.67799999999998,70.22807692307691,30.894923076923074,27.876153846153848,21.37476923076923,17.945769230769233,1.9455538461538462,1.2642692307692305,9
10260,1081,175.79446153846158,6.05576923076923,104.20338461538462,31.781538461538464,32.99507692307692,28.077692307692303,23.79584615384616,11.831538461538461,1.369,0.6708076923076922,9
10273,1082,178.28745454545455,11.864999999999998,108.8238181818182,40.26045454545454,32.1469090909091,31.05727272727273,23.029454545454545,14.49590909090909,1.7417636363636362,0.9851363636363637,9
10284,2001,314.6566666666667,9.1775,112.812,46.96416666666667,32.555,32.855,24.141333333333336,15.851666666666667,1.7134333333333334,0.8385000000000001,1
10290,2002,109.83854545454545,3.911818181818182,88.05909090909091,15.020454545454548,34.85836363636364,26.35181818181818,26.122727272727275,11.072727272727274,1.3605454545454547,0.5686818181818182,1
10301,2003,120.56771428571429,5.4957142857142856,88.80828571428572,16.012857142857147,34.548,26.044285714285714,26.147142857142857,11.23857142857143,1.2776857142857143,0.5319285714285715,1
10308,2004,111.8528888888889,46.17277777777778,87.70955555555557,62.94833333333333,29.427777777777774,28.128888888888888,20.097111111111108,17.684444444444445,1.969,1.0544444444444445,1
10317,2005,101.99955555555556,38.409444444444446,85.21533333333333,48.31944444444444,29.618444444444442,27.356111111111108,20.48888888888889,16.96777777777778,2.0027333333333335,0.9774999999999999,1
10326,2006,179.186,5.7162500000000005,104.83675000000001,31.553749999999997,32.61325,31.595,23.76525,14.703125,1.818025,0.9165,1
10334,2007,181.12124999999997,2.5143749999999994,97.97449999999999,29.464374999999997,32.949999999999996,27.650000000000002,24.5765,12.150000000000002,0.9576250000000001,0.4029375,1
10342,2009,107.8136,8.1295,89.60759999999998,16.547000000000004,34.753800000000005,24.2195,24.607800000000005,8.781,1.13912,0.49725,1
10352,2010,102.3314,5.523500000000001,85.674,10.7835,34.8268,25.572,24.369799999999998,8.879,1.1259,0.42219999999999996,1
10362,2011,172.71840000000003,9.8135,105.1422,28.186500000000002,33.507400000000004,24.2455,24.216399999999997,9.3925,1.12196,0.43755,1
10372,2013,144.90633333333332,2.7175000000000007,99.71833333333332,27.424166666666668,34.223,26.288333333333327,26.299666666666667,11.551666666666664,1.0458,0.5205000000000001,1
10378,2014,213.34074999999999,14.331249999999999,113.92075000000001,44.42937499999999,31.322250000000004,29.869374999999998,22.7785,16.59125,1.8448499999999999,0.9099375000000001,1
10386,2015,299.00849999999997,5.12,107.30125000000002,50.785625,29.01425,27.521875,21.485499999999995,12.8875,1.6448750000000003,0.7055,1
10394,2017,292.1745714285715,4.861428571428571,109.68057142857143,37.300714285714285,31.93914285714286,27.107857142857142,24.470571428571425,14.375,0.7042,0.326,1
10401,2018,371.1548571428571,4.2042857142857155,110.19714285714285,38.49071428571428,31.78857142857143,26.974285714285713,24.66714285714286,14.933571428571428,0.8522,0.44392857142857134,1
10408,2019,509.5194285714285,3.791428571428571,109.3517142857143,39.49357142857143,31.238285714285716,26.850714285714293,24.50114285714286,15.142857142857142,0.8777428571428573,0.5281428571428571,1
10415,2020,79.77720000000001,78.828,59.9832,80.25399999999999,32.0764,30.086000000000002,23.3316,21.288999999999998,2.54544,1.4866000000000001,1
10420,2023,239.9105,3.6037500000000002,107.54400000000001,41.005,31.137999999999998,25.985,22.9105,11.97625,1.0724,0.563625,1
10424,2024,232.7645,2.15875,110.751,40.51625,31.91,25.990000000000002,23.6455,12.44125,1.0645,0.6095,1
10428,2025,128.1593333333333,12.8975,106.24900000000001,29.383333333333336,32.224,30.537499999999998,22.81266666666667,18.61916666666667,2.0296333333333334,1.0391666666666666,1
10434,2026,176.32,1.29,102.81599999999999,26.305,34.066500000000005,26.7425,25.9895,11.498750000000001,1.0775000000000001,0.608625,1
10438,2027,343.068,2.8525,115.35300000000001,54.825,30.432000000000002,31.3425,24.969,21.54,3.23,1.7555,1
10440,2031,153.245,3.06625,96.91299999999998,27.72875,33.7725,25.0875,25.959,11.68125,1.0026499999999998,0.530625,1
10444,2032,147.3535,5.248749999999999,94.5745,18.03125,33.4335,24.00875,24.893,10.6675,1.16435,0.361,1
10448,2033,156.31,3.9425,96.53649999999999,23.15125,33.5965,24.795,25.6825,11.19125,1.15875,0.50025,1
10452,2035,265.115,0.9175,111.3705,43.60875,32.669,28.84,24.4325,14.9625,1.3297999999999999,0.542625,1
10456,2037,249.3315,0.6625,110.65599999999999,42.92875,32.5475,29.02625,24.538,14.89875,1.32485,0.48987499999999995,1
10460,2038,286.66700000000003,1.78375,111.825,47.230000000000004,30.977,28.341250000000002,23.4285,14.285,1.502,0.586875,1
10464,2039,294.4825,2.5425,109.92500000000001,48.525000000000006,29.353,27.7125,21.933,12.99125,1.6116000000000001,0.6576250000000001,1
10468,2040,248.966,0.8350000000000001,107.689,42.78375,31.781,27.752500000000005,23.824,13.5875,1.1890999999999998,0.4985,1
10472,2041,291.298,5.5287500000000005,122.33399999999999,54.57625,31.732499999999998,28.802500000000002,24.185,16.28,1.6822,0.8116249999999999,1
10476,2042,251.00000000000006,1.36375,106.10850000000002,36.879999999999995,31.634500000000003,25.7825,23.2365,11.018749999999999,1.01305,0.4425,1
